t,theta_ideal0,theta_ideal1,theta_ideal2,theta_dot_ideal0,theta_dot_ideal1,theta_dot_ideal2,tau_ideal0,tau_ideal1,tau_ideal2
0.0,-2.7571960135470728,-0.3843965383781136,2.8479813883268053,0.0,0.0,0.0,0.5791332939593727,-0.5896729688863921,2.5241178230881274
0.005184644418450726,-2.7573504190891533,-0.3852863775693369,2.847708257170156,-0.00038884414131967174,-0.002294599373223291,-0.0007069851337846334,0.5795299528845719,-0.5902054187778979,2.5254137206892686
0.010369288836901452,-2.757501796823316,-0.38618388363171463,2.847431691195773,-0.0007696098849386639,-0.0045837010551847855,-0.0014150618956222409,0.5799297069455694,-0.5907404382393754,2.526714787368924
0.015553933255352178,-2.7576516096690176,-0.38708040292828505,2.847154881367724,-0.0011423231852706697,-0.006867323941082233,-0.0021242251544602887,0.5803300166622186,-0.5912755181516949,2.5280161677603066
0.020738577673802903,-2.757799846193646,-0.3879758491692178,2.846877858987657,-0.001507010037389418,-0.009145487587662255,-0.0028344700732570003,0.5807308672961,-0.5918106468590705,2.529317814092533
0.02592322209225363,-2.757946509941225,-0.3888702239799966,2.8466006249888087,-0.0018636963296541397,-0.011418211347229078,-0.0035457917728246957,0.58113225438248,-0.5923458225928535,2.530619724781717
0.031107866510704355,-2.758091604296016,-0.3897635298846944,2.846323180010433,-0.0022124078749483278,-0.013685514530007202,-0.004258185395074939,0.5815341737838583,-0.5928810439011705,2.5319218986888195
0.03629251092915508,-2.75823513263634,-0.3906557694128292,2.8460455246867915,-0.0025531704100375087,-0.015947416407419843,-0.00497164610417153,0.5819366213821197,-0.5934163093435683,2.533224334680289
0.04147715534760581,-2.758377098333013,-0.3915469450901914,2.845767659649936,-0.00288600959555896,-0.018203936211999398,-0.005686169086454671,0.5823395930769989,-0.593951617489473,2.5345270316238477
0.046661799766056535,-2.758517504749358,-0.39243705943873475,2.8454895855297475,-0.003210951016005315,-0.02045509313724902,-0.006401749550347491,0.5827430847859963,-0.5944869669180637,2.5358299883884503
0.05184644418450726,-2.75865635524121,-0.3933261149765668,2.8452113029539428,-0.003528020179711159,-0.02270090633750676,-0.007118382726262776,0.5831470924443365,-0.5950223562181907,2.537133203844288
0.05703108860295798,-2.7587936531569053,-0.3942141142179323,2.844932812548075,-0.003837242518842914,-0.024941394927813172,-0.007836063866509695,0.5835516120049087,-0.5955577839882742,2.5384366768628066
0.06221573302140871,-2.758929401837291,-0.3951010596732125,2.8446541149355467,-0.004138643389391149,-0.027176577983781813,-0.008554788245201398,0.5839566394382341,-0.5960932488362377,2.5397404063166995
0.06740037743985944,-2.7590636046157178,-0.3959869538489078,2.8443752107376223,-0.0044322480711664405,-0.029406474541473406,-0.00927455115816267,0.5843621707324211,-0.5966287493794217,2.54104439107991
0.07258502185831016,-2.759196264818042,-0.3968717992476303,2.8440961005734193,-0.004718081767797646,-0.0316311035972729,-0.009995347922837607,0.5847682018931037,-0.5971642842444859,2.5423486300276608
0.0777696662767609,-2.759327385762624,-0.3977555983680914,2.8438167850599365,-0.0049961696067335575,-0.033850484107770015,-0.01071717387819843,0.5851747289434134,-0.5976998520673462,2.543653122036418
0.08295431069521161,-2.75945697076033,-0.39863835370509637,2.8435372648120394,-0.005266536639246696,-0.03606463498964248,-0.011440024384653661,0.5855817479239129,-0.5982354514930744,2.544957865983941
0.08813895511366233,-2.759585023114533,-0.39952006774953386,2.8432575404424885,-0.005529207840440427,-0.03827357511954276,-0.012163894823957624,0.5859892548925684,-0.5987710811758366,2.546262860749252
0.09332359953211307,-2.7597115461211095,-0.40040074298836603,2.84297761256193,-0.005784208109258584,-0.04047732333398764,-0.012888780599119447,0.5863972459246869,-0.5993067397787958,2.547568105212661
0.09850824395056379,-2.7598365430684417,-0.4012803819046151,2.842697481778911,-0.006031562268498252,-0.042675898429251236,-0.013614677134312728,0.5868057171128711,-0.5998424259740378,2.548873598255765
0.10369288836901452,-2.7599600172374212,-0.4021589869773643,2.8424171486998846,-0.006271295064824257,-0.04486931916126016,-0.014341579874785806,0.5872146645669757,-0.6003781384424942,2.550179338761449
0.10887753278746524,-2.7600819719014456,-0.40303656068174143,2.8421366139292186,-0.006503431168787339,-0.047057604245492615,-0.015069484286771911,0.5876240844140568,-0.6009138758738644,2.5514853256139003
0.11406217720591597,-2.760202410326423,-0.4039131054889149,2.8418558780691967,-0.006727995174844188,-0.049240772356879736,-0.015798385857399816,0.5880339727983178,-0.6014496369665299,2.552791557698607
0.1192468216243667,-2.7603213357707705,-0.4047886238660803,2.8415749417200367,-0.00694501160138088,-0.051418842129710485,-0.016528280094605,0.5884443258810682,-0.6019854204274862,2.554098033902359
0.12443146604281742,-2.7604387514854167,-0.40566311827646007,2.8412938054798884,-0.007154504890737736,-0.053591832157538495,-0.01725916252704107,0.5888551398406741,-0.6025212249722662,2.555404753113256
0.12961611046126814,-2.7605546607138063,-0.4065365911792891,2.8410124699448387,-0.007356499409237521,-0.05575976099309274,-0.017991028703990948,0.5892664108724958,-0.6030570493248507,2.556711714220724
0.13480075487971888,-2.760669066691896,-0.40740904502981223,2.8407309357089296,-0.0075510194472159335,-0.05792264714819023,-0.01872387419527957,0.5896781351888574,-0.6035928922176138,2.5580189161154996
0.1399853992981696,-2.7607819726481604,-0.4082804822792696,2.840449203364157,-0.007738089219054764,-0.06008050909365236,-0.019457694591185806,0.5900903090189823,-0.6041287523912307,2.559326357689642
0.14517004371662032,-2.7608933818035943,-0.4091509053748994,2.8401672735004766,-0.007917732863216446,-0.062233365259222684,-0.020192485502355084,0.5905029286089462,-0.6046646285946115,2.5606340378365484
0.15035468813507105,-2.7610032973717136,-0.41002031675992345,2.839885146705814,-0.008089974442282277,-0.0643812340334889,-0.02092824255971262,0.5909159902216297,-0.6052005195848256,2.561941955450949
0.1555393325535218,-2.761111722558558,-0.41088871887354106,2.8396028235660746,-0.008254837942992435,-0.06652413376380653,-0.02166496141437676,0.591329490136667,-0.6057364241270314,2.5632501094289024
0.1607239769719725,-2.761218660562694,-0.4117561141509265,2.8393203046651454,-0.008412347276288028,-0.06866208275622547,-0.022402637737572555,0.5917434246503941,-0.6062723409944032,2.564558498667816
0.16590862139042323,-2.761324114575216,-0.41262250502321884,2.839037590584901,-0.008562526277355681,-0.0707950992754193,-0.023141267220545533,0.5921577900757943,-0.6068082689680546,2.5658671220664484
0.17109326580887396,-2.761428087779754,-0.41348789391751706,2.8387546819052174,-0.00870539870567446,-0.07292320154461718,-0.02388084557447667,0.5925725827424566,-0.6073442068369768,2.5671759785249026
0.17627791022732467,-2.76153058335247,-0.414352283256872,2.838471579203969,-0.00884098824506533,-0.07504640774553842,-0.024621368530396016,0.5929877989965092,-0.6078801533979553,2.56848506694464
0.1814625546457754,-2.7616316044620657,-0.4152156754602847,2.8381882830570455,-0.008969318503741462,-0.07716473601832897,-0.025362831839098817,0.5934034352005847,-0.6084161074555136,2.5697943862284807
0.18664719906422614,-2.761731154269785,-0.4160780729426956,2.8379047940383515,-0.009090413014362475,-0.07927820446150131,-0.026105231271059966,0.5938194877337561,-0.6089520678218356,2.571103935280609
0.19183184348267684,-2.761829235929418,-0.41693947811498466,2.8376211127198157,-0.009204295234089159,-0.081386831131876,-0.02684856261635012,0.5942359529914922,-0.6094880333167007,2.5724137130065787
0.19701648790112758,-2.761925852587301,-0.41779989338395773,2.837337239671401,-0.009310988544642275,-0.0834906340445268,-0.027592821684551457,0.5946528273856023,-0.6100240027674121,2.5737237183133077
0.20220113231957831,-2.762021007382326,-0.4186593211523493,2.837053175461101,-0.00941051625236082,-0.08558963117272658,-0.028338004304673606,0.5950701073441788,-0.6105599750087284,2.5750339501091046
0.20738577673802905,-2.762114703445941,-0.41951776381881434,2.8367689206549636,-0.009502901588264542,-0.08768384044789705,-0.029084106325071496,0.5954877893115619,-0.6110959488828093,2.576344407303638
0.21257042115647976,-2.762206943902155,-0.4203752237779237,2.836484475817075,-0.009588167708117268,-0.0897732797595601,-0.02983112361336032,0.5959058697482627,-0.6116319232391263,2.5776550888079828
0.2177550655749305,-2.7622977318675415,-0.4212317034201558,2.836199841509593,-0.009666337692493268,-0.09185796695529225,-0.030579052056334863,0.5963243451309357,-0.6121678969344228,2.578965993534579
0.22293970999338122,-2.762387070451244,-0.4220872051318991,2.83591501829273,-0.009737434546843851,-0.09393791984067998,-0.0313278875598856,0.5967432119523078,-0.6127038688326274,2.5802771203972705
0.22812435441183193,-2.7624749627549807,-0.4229417312954409,2.8356300067247693,-0.009801481201567604,-0.09601315617927927,-0.03207762604891681,0.5971624667211273,-0.6132398378047961,2.581588468311302
0.23330899883028267,-2.7625614118730466,-0.42379528428896895,2.8353448073620746,-0.009858500512081404,-0.09808369369257516,-0.032828263467265584,0.5975821059621234,-0.6137758027290563,2.5829000361933074
0.2384936432487334,-2.7626464208923225,-0.4246478664865603,2.8350594207590953,-0.00990851525889451,-0.10014955005994637,-0.033579795777619686,0.5980021262159425,-0.6143117624905343,2.584211822961324
0.2436782876671841,-2.7627299928922757,-0.42549948025818374,2.8347738474683695,-0.009951548147682551,-0.10221074291862894,-0.034332218961436636,0.5984225240390986,-0.6148477159812938,2.585523827534796
0.24886293208563484,-2.7628121309449676,-0.4263501279696935,2.8344880880405308,-0.009987621809365174,-0.10426728986368453,-0.035085529018862645,0.5988432960039163,-0.6153836621002745,2.5868360488345807
0.25404757650408555,-2.762892838115058,-0.42719981198282597,2.834202143024316,-0.010016758800184378,-0.10631920844796959,-0.035839721968652184,0.5992644386984802,-0.6159195997532259,2.5881484857829524
0.2592322209225363,-2.7629721174598108,-0.4280485346551941,2.833916012966578,-0.010038981601785672,-0.10836651618210755,-0.03659479384808844,0.5996859487265879,-0.6164555278526589,2.5894611373035903
0.264416865340987,-2.7630499720290986,-0.42889629834028664,2.8336296984122784,-0.010054312621299424,-0.11040923053446211,-0.037350740712902224,0.6001078227076803,-0.6169914453177644,2.590774002321605
0.26960150975943775,-2.7631264048654085,-0.42974310538746474,2.8333431999045042,-0.01006277419142513,-0.1124473689311129,-0.03810755863719318,0.6005300572768031,-0.6175273510743685,2.592087079763531
0.2747861541778885,-2.76320141900385,-0.4305889581419584,2.8330565179844753,-0.010064388570516593,-0.11448094875583409,-0.03886524371335111,0.6009526490845499,-0.6180632440548727,2.5934003685573246
0.2799707985963392,-2.7632750174721554,-0.43143385894486097,2.832769653191547,-0.010059177942670368,-0.11650998735007422,-0.039623792051975956,0.6013755947970051,-0.6185991231981858,2.594713867632372
0.2851554430147899,-2.7633472032906914,-0.4322778101331308,2.832482606063212,-0.010047164417813073,-0.11853450201293736,-0.04038319978179934,0.6017988910956882,-0.6191349874496673,2.5960275759195017
0.29034008743324063,-2.763417979472463,-0.43312081403958724,2.8321953771351116,-0.010028370031792189,-0.12055451000116792,-0.041143463049606706,0.6022225346775034,-0.6196708357610715,2.5973414923509806
0.29552473185169137,-2.7634873490231184,-0.43396287299290437,2.8319079669410483,-0.010002816746469113,-0.12257002852913652,-0.04190457802015945,0.6026465222546877,-0.6202066670904904,2.598655615860502
0.3007093762701421,-2.763555314940956,-0.43480398931761455,2.8316203760129808,-0.009970526449811418,-0.1245810747688269,-0.04266654087611683,0.6030708505547553,-0.620742480402297,2.5999699453832186
0.30589402068859284,-2.763621880216932,-0.43564416533410233,2.8313326048810366,-0.009931520955988427,-0.1265876658498267,-0.04342934781795861,0.6034955163204391,-0.6212782746670805,2.6012844798557238
0.3110786651070436,-2.7636870478346642,-0.4364834033586036,2.8310446540735184,-0.009885822005467587,-0.1285898188593183,-0.04419299506390854,0.6039205163096448,-0.6218140488616035,2.6025992182160627
0.31626330952549425,-2.7637508207704427,-0.4373217057032013,2.8307565241169064,-0.009833451265113632,-0.13058755084207324,-0.0449574788498566,0.6043458472953883,-0.6223498019687307,2.6039141594037294
0.321447953943945,-2.7638132019932313,-0.4381590746758288,2.8304682155358662,-0.009774430328286093,-0.13258087880044633,-0.0457227954292835,0.6047715060657449,-0.6228855329773841,2.6052293023596866
0.3266325983623957,-2.7638741944646794,-0.43899551258026337,2.830179728853258,-0.009708780714941884,-0.13456981969437354,-0.046488941073184166,0.6051974894237985,-0.6234212408824844,2.6065446460263453
0.33181724278084646,-2.7639338011391246,-0.43983102171612765,2.829891064590141,-0.009636523871736663,-0.13655439044137085,-0.04725591206999229,0.6056237941875848,-0.623956924684901,2.6078601893475843
0.3370018871992972,-2.7639920249636027,-0.44066560437888325,2.829602223265782,-0.009557681172129628,-0.13853460791653494,-0.048023704725504476,0.6060504171900379,-0.6244925833913926,2.6091759312687417
0.3421865316177479,-2.7640488688778544,-0.44149926285983754,2.829313205397649,-0.009472273916487028,-0.1405104889525454,-0.048792315362804255,0.6064773552789264,-0.6250282160145487,2.6104918707366362
0.34737117603619866,-2.7641043358143307,-0.4423319994461361,2.8290240115014376,-0.009380323332189827,-0.14248205033966888,-0.04956174032218913,0.6069046053168189,-0.6255638215727543,2.611808006699548
0.35255582045464934,-2.7641584286982015,-0.44316381642076386,2.828734642091062,-0.0092818505737408,-0.14444930882576543,-0.050331975961094365,0.6073321641810125,-0.6260993990901199,2.6131243381072355
0.3577404648731001,-2.7642111504473634,-0.44399471606254237,2.8284450976786646,-0.009176876722874316,-0.1464122811162958,-0.05110301865401892,0.6077600287634839,-0.6266349475964346,2.61444086391093
0.3629251092915508,-2.7642625039724456,-0.444824700646133,2.8281553787746248,-0.009065422788665414,-0.14837098387433034,-0.051874864792451826,0.6081881959708348,-0.627170466127117,2.615757583063352
0.36810975371000154,-2.7643124921768187,-0.4456537724420315,2.8278654858875623,-0.008947509707642173,-0.1503254337205604,-0.05264751078479861,0.6086166627242433,-0.6277059537231658,2.6170744945186994
0.3732943981284523,-2.7643611179566037,-0.44648193371657263,2.82757541952435,-0.008823158343898033,-0.15227564723331025,-0.05342095305630825,0.6090454259594054,-0.6282414094311066,2.618391597232647
0.378479042546903,-2.764408384200677,-0.44730918673192255,2.8272851801901018,-0.008692389489206559,-0.154221640948552,-0.054195188048997624,0.6094744826264671,-0.62877683230293,2.619708890162378
0.3836636869653537,-2.764454293790679,-0.4481355337460857,2.8269947683882064,-0.008555223863135578,-0.1561634313599204,-0.054970212221582916,0.6099038296900002,-0.6293122213960679,2.6210263722665417
0.3888483313838044,-2.7644988496010243,-0.4489609770129017,2.826704184620303,-0.008411682113163538,-0.1581010349187302,-0.05574602204940276,0.6103334641289152,-0.6298475757733148,2.622344042505307
0.39403297580225516,-2.7645420544989054,-0.4497855187820452,2.8264134293863146,-0.008261784814797585,-0.16003446803399524,-0.05652261402434999,0.6107633829364373,-0.630382894502807,2.623661899840316
0.3992176202207059,-2.7645839113443067,-0.45060916129902306,2.826122503184435,-0.00810555247169227,-0.16196374707244893,-0.05729998465479647,0.6111935831200255,-0.6309181766579475,2.6249799432347207
0.40440226463915663,-2.764624422990007,-0.45143190680517975,2.825831406511142,-0.007943005515768126,-0.16388888835856538,-0.05807813046552345,0.6116240617013352,-0.6314534213173765,2.626298171653172
0.40958690905760736,-2.7646635922815905,-0.4522537575376955,2.825540139861203,-0.007774164307333256,-0.16580990817458285,-0.05885704799764957,0.612054815716158,-0.6319886275649154,2.6276165840618257
0.4147715534760581,-2.7647014220574575,-0.453074715729586,2.825248703727678,-0.007599049135204511,-0.16772682276052853,-0.05963673380855988,0.6124858422143685,-0.6325237944895234,2.628935179428345
0.4199561978945088,-2.7647379151488263,-0.4538947836097005,2.824957098601934,-0.007417680216831882,-0.16963964831424522,-0.06041718447183548,0.6129171382598707,-0.6330589211852475,2.6302539567218925
0.4251408423129595,-2.7647730743797485,-0.4547139634027275,2.824665324973637,-0.00723007769842024,-0.1715484009914181,-0.061198396577182325,0.6133487009305412,-0.6335940067511762,2.6315729149131566
0.43032548673141024,-2.7648069025671154,-0.4555322573291942,2.8243733833307725,-0.007036261655055054,-0.17345309690560368,-0.06198036673036256,0.6137805273181827,-0.6341290502914015,2.6328920529743223
0.435510131149861,-2.7648394025206646,-0.4563496676054619,2.824081274159637,-0.006836252090829373,-0.1753537521282611,-0.06276309155312222,0.6142126145284538,-0.6346640509149534,2.6342113698791043
0.4406947755683117,-2.7648705770429904,-0.4571661964437346,2.8237889979448574,-0.006630068938968892,-0.17725038268878293,-0.06354656768312453,0.6146449596808377,-0.6351990077357819,2.635530864602726
0.44587941998676245,-2.764900428929555,-0.4579818460520544,2.8234965551693905,-0.006417732061960599,-0.17914300457452867,-0.06433079177387918,0.6150775599085708,-0.6357339198726923,2.636850536121931
0.4510640644052131,-2.764928960968692,-0.458796618634306,2.8232039463145218,-0.006199261251681229,-0.18103163373085862,-0.06511576049467248,0.6155104123585919,-0.6362687864493047,2.638170383414995
0.45624870882366386,-2.764956175941621,-0.45961051639021466,2.8229111718598805,-0.0059746762295277145,-0.1829162860611708,-0.06590147053049969,0.6159435141914886,-0.6368036065940087,2.6394904054617094
0.4614333532421146,-2.7649820766224527,-0.4604235415153499,2.8226182322834497,-0.005743996646546276,-0.18479697742693657,-0.06668791858199803,0.6163768625814557,-0.6373383794399354,2.6408106012433894
0.46661799766056533,-2.765006665778201,-0.4612356962011279,2.822325128061558,-0.005507242083564526,-0.18667372364773963,-0.06747510136537599,0.6168104547162232,-0.6378731041248921,2.6421309697428863
0.47180264207901607,-2.7650299461687906,-0.46204698263481037,2.8220318596688907,-0.005264432051323431,-0.18854654050131525,-0.06826301561234621,0.6172442877970086,-0.6384077797913283,2.6434515099445837
0.4769872864974668,-2.765051920547066,-0.4628574029995045,2.821738427578503,-0.005015585990611832,-0.19041544372359187,-0.0690516580700591,0.6176783590384695,-0.6389424055862988,2.6447722208343905
0.4821719309159175,-2.765072591658801,-0.4636669594741709,2.8214448322618164,-0.0047607232723976545,-0.19228044900873176,-0.06984102550103478,0.6181126656686458,-0.6394769806614158,2.646093101399755
0.4873565753343682,-2.76509196224271,-0.4644756542336195,2.821151074188629,-0.004499863197964887,-0.19414157200917537,-0.07063111468309595,0.618547204928904,-0.6400115041728069,2.6474141506296616
0.49254121975281895,-2.7651100350304554,-0.46528348944851605,2.8208571538271165,-0.004233024999047319,-0.19599882833568472,-0.07142192240930145,0.6189819740738879,-0.6405459752810782,2.6487353675146363
0.4977258641712697,-2.765126812746658,-0.4660904672853776,2.820563071643843,-0.003960227837967276,-0.1978522335573903,-0.07221344548787914,0.6167991346669738,-0.6359288725382584,2.6508308554012308
0.5029105085897204,-2.7651422981089064,-0.466896589906582,2.8202688281037656,-0.0036601848091158407,-0.19854606315728746,-0.07258317284608633,0.6125346505643762,-0.6272955489759536,2.653534783775832
0.5080951530081711,-2.7651564938277673,-0.4677018594703659,2.8199744236702333,-0.003342713379817286,-0.19833642533467394,-0.07262283902296054,0.6108613646975297,-0.6238201246531008,2.655467197536316
0.5132797974266219,-2.7651694026067952,-0.46850627813082824,2.8196798588050056,-0.003025906320707719,-0.19812731640832257,-0.07266239146783647,0.61123578459149,-0.6243690418990293,2.6567946047883018
0.5184644418450726,-2.76518102714254,-0.46930984803792897,2.819385133968245,-0.0027097619141267376,-0.19791873536586468,-0.07270183057245522,0.6116100766182766,-0.6249180030523512,2.6581221851817647
0.5236490862635234,-2.765191370124561,-0.47011257133749806,2.8190902496185277,-0.0023942784448217486,-0.1977106811955063,-0.07274115672721525,0.6119842395556964,-0.6254670067556415,2.659449937431466
0.528833730681974,-2.7652004342354326,-0.4709144501712328,2.8187952062128527,-0.002079454199964137,-0.19750315288605036,-0.07278037032117715,0.6123582721840128,-0.6260160516528562,2.6607778602550662
0.5340183751004247,-2.7652082221507586,-0.4717154866767028,2.8185000042066406,-0.0017652874691635179,-0.1972961494269172,-0.07281947174206711,0.612732173285922,-0.6265651363893123,2.6621059523731168
0.5392030195188755,-2.7652147365391775,-0.4725156829873507,2.818204644053743,-0.0014517765444830438,-0.1970896698081665,-0.07285846137628192,0.6131059416465493,-0.6271142596116839,2.6634342125090447
0.5443876639373262,-2.765219980062378,-0.4733150412324971,2.817909126206443,-0.0011389197204514645,-0.19688371302051585,-0.07289733960889339,0.6134795760534333,-0.6276634199679976,2.664762639389156
0.549572308355777,-2.7652239553751032,-0.47411356353734235,2.8176134511154727,-0.0008267152940786698,-0.19667827805536237,-0.0729361068236545,0.6138530752965264,-0.6282126161076287,2.666091231742599
0.5547569527742277,-2.765226665125167,-0.4749112520229697,2.8173176192300033,-0.0005151615648680136,-0.19647336390480236,-0.07297476340300171,0.6142264381681669,-0.628761846681282,2.6674199883013814
0.5599415971926784,-2.7652281119534585,-0.4757081088063453,2.817021630997661,-0.0002042568348317314,-0.19626896956165119,-0.07301330972806043,0.6145996634630768,-0.6293111103409897,2.668748907800341
0.5651262416111291,-2.765228298493957,-0.47650413600032815,2.8167254868645264,0.00010600059149880325,-0.19606509401946254,-0.07305174617864972,0.6149727499783497,-0.6298604057401074,2.6700779889771495
0.5703108860295798,-2.7652272273737406,-0.4772993357136679,2.8164291872751437,0.0004156124070584105,-0.1958617362725475,-0.07309007313328691,0.6153456965134406,-0.6304097315333033,2.6714072305722936
0.5754955304480306,-2.7652249012129957,-0.47809371005100676,2.816132732672526,0.0007245803022347397,-0.19565889531599504,-0.07312829096919182,0.6157185018701506,-0.6309590863765474,2.6727366313290584
0.5806801748664813,-2.765221322625029,-0.4788872611128874,2.8158361234981513,0.0010329059648577082,-0.1954565701456894,-0.0731664000622902,0.6160911648526162,-0.6315084689271057,2.674066189993541
0.5858648192849321,-2.7652164942162774,-0.479679990995755,2.815539360191986,0.0013405910801863596,-0.195254759758329,-0.07320440078722107,0.6164636842673051,-0.6320578778435393,2.675395905314614
0.5910494637033827,-2.765210418586319,-0.4804719017919594,2.8152424431924747,0.0016476373308967618,-0.19505346315144528,-0.07324229351733903,0.6168360589230025,-0.6326073117856927,2.6767257760439223
0.5962341081218335,-2.7652030983278832,-0.48126299558975716,2.814945372936547,0.0019540463970696004,-0.19485267932342148,-0.07328007862471755,0.6172082876307847,-0.6331567694146724,2.678055800935894
0.6014187525402842,-2.7651945360268613,-0.4820532744733199,2.814648149859633,0.0022598199561803672,-0.19465240727350894,-0.07331775648015737,0.6175803692040372,-0.6337062493928672,2.679385978747692
0.6066033969587349,-2.7651847342623177,-0.4828427405227338,2.8143507743956544,0.0025649596830860932,-0.1944526460018465,-0.07335532745318624,0.6179523024584133,-0.6342557503839121,2.6807163082392464
0.6117880413771857,-2.765173695606501,-0.48363139581400594,2.8140532469770396,0.0028694672500159946,-0.1942533945094771,-0.07339279191206721,0.6183240862118443,-0.6348052710527019,2.68204678817321
0.6169726857956364,-2.765161422624854,-0.4844192424190643,2.813755568034729,0.0031733443265581085,-0.19405465179836612,-0.07343015022380131,0.6186957192845233,-0.6353548100653746,2.6833774173149596
0.6221573302140871,-2.765147917876025,-0.48520628240576746,2.8134577379981733,0.003476592579651522,-0.19385641687141725,-0.07346740275413173,0.6190672004988879,-0.6359043660893033,2.6847081944326012
0.6273419746325378,-2.7651331839118796,-0.48599251783790454,2.8131597572953435,0.0037792136735736587,-0.1936586887324903,-0.07350454986754883,0.619438528679615,-0.6364539377930905,2.6860391182969336
0.6325266190509885,-2.7651172232775085,-0.48677795077519903,2.8128616263527313,0.004081209269930872,-0.19346146638641776,-0.07354159192729356,0.619809702653605,-0.637003523846558,2.687370187681467
0.6377112634694393,-2.7651000385112425,-0.4875625832733137,2.812563345595362,0.004382581027647492,-0.1932647488390217,-0.0735785292953635,0.6201807212499792,-0.6375531229207455,2.6887014013623864
0.64289590788789,-2.7650816321446614,-0.48834641738385653,2.8122649154467974,0.0046833306029571975,-0.19306853509712926,-0.07361536233251635,0.6205515833000659,-0.6381027336879016,2.690032758118554
0.6480805523063408,-2.765062006702605,-0.4891294551543821,2.8119663363291316,0.004983459649392397,-0.19287282416858942,-0.07365209139827333,0.620922287637381,-0.638652354821467,2.6913642567315064
0.6532651967247914,-2.7650411647031863,-0.48991169862839956,2.811667608663007,0.005282969817775499,-0.19267761506228853,-0.07368871685092487,0.6212928330976267,-0.6392019849960799,2.6926958959854392
0.6584498411432422,-2.765019108657798,-0.4906931498453695,2.8113687328676167,0.005581862756207381,-0.19248290678816707,-0.07372523904753446,0.6216632185186806,-0.6397516228875624,2.694027674667183
0.6636344855616929,-2.764995841071129,-0.49147381084071795,2.8110697093607038,0.005880140110061272,-0.19228869835723378,-0.07376165834394235,0.6220334427405775,-0.6403012671729106,2.6953595915662207
0.6688191299801436,-2.7649713644411724,-0.4922536836458349,2.8107705385585757,0.006177803521972086,-0.1920949887815817,-0.07379797509477132,0.6224035046055089,-0.6408509165302955,2.696691645474654
0.6740037743985944,-2.764945681259239,-0.493032770288081,2.8104712208761002,0.006474854631828217,-0.19190177707440337,-0.07383418965342929,0.6227734029578017,-0.6414005696390459,2.698023835187212
0.6791884188170451,-2.764918794009964,-0.49381107279078873,2.8101717567267146,0.006771295076761469,-0.19170906225000617,-0.07387030237211425,0.6231431366439142,-0.6419502251796474,2.6993561595012268
0.6843730632354958,-2.7648907051713265,-0.49458859317327275,2.809872146522434,0.007067126491141426,-0.19151684332382607,-0.07390631360181957,0.623512704512427,-0.6424998818337357,2.7006886172166307
0.6895577076539465,-2.764861417214651,-0.4953653334508299,2.8095723906738463,0.007362350506564752,-0.19132511931244317,-0.07394222369233575,0.6238821054140223,-0.6430495382840817,2.7020212071359517
0.6947423520723973,-2.764830932604627,-0.49614129563474685,2.8092724895901253,0.007656968751848875,-0.1911338892335957,-0.07397803299225687,0.6242513382014842,-0.6435991932145914,2.7033539280643013
0.699926996490848,-2.764799253799316,-0.49691648173230174,2.808972443679039,0.00795098285302219,-0.19094315210619459,-0.07401374184898482,0.6246204017296886,-0.6441488453103026,2.7046867788093474
0.7051116409092987,-2.764766383250164,-0.497690893746773,2.8086722533469417,0.008244394433318786,-0.19075290695033692,-0.0740493506087318,0.6249892948555793,-0.6446984932573634,2.706019758181333
0.7102962853277495,-2.7647323234020136,-0.49846453367744203,2.8083719189987884,0.008537205113169369,-0.19056315278732033,-0.0740848596165257,0.6253580164381715,-0.6452481357430373,2.707352864993053
0.7154809297462001,-2.7646970766931145,-0.49923740351959833,2.8080714410381384,0.00882941651019438,-0.19037388863965637,-0.07412026921621427,0.6257265653385357,-0.6457977714556923,2.7086860980598413
0.7206655741646509,-2.764660645555136,-0.5000095052645432,2.807770819867155,0.009121030239196207,-0.1901851135310847,-0.07415557975046844,0.6260949404197826,-0.6463473990847884,2.710019456199573
0.7258502185831016,-2.7646230324131786,-0.5007808408995988,2.8074700558866192,0.009412047912153568,-0.1899968264865854,-0.07419079156078798,0.626463140547064,-0.6468970173208821,2.7113529382326407
0.7310348630015523,-2.7645842396857834,-0.50155141240811,2.807169149495927,0.009702471138213695,-0.18980902653239282,-0.07422590498750448,0.6268311645875548,-0.64744662485561,2.712686542981955
0.7362195074200031,-2.764544269784947,-0.5023212217694495,2.806868101093098,0.009992301523685465,-0.18962171269600864,-0.07426092036978568,0.6271990114104401,-0.6479962203816816,2.714020269272933
0.7414041518384538,-2.764503125116132,-0.5030902709590255,2.806566911074775,0.0102815406720341,-0.18943488400621417,-0.07429583804563958,0.6275666798869112,-0.648545802592878,2.715354115933491
0.7465887962569046,-2.764460808078277,-0.503858561948284,2.806265579836233,0.010570190183873632,-0.18924853949308373,-0.07433065835191824,0.6279341688901473,-0.6490953701840341,2.7166880817940355
0.7517734406753552,-2.7644173210638097,-0.5046260967047194,2.8059641077713895,0.010858251656961984,-0.1890626781879961,-0.07436538162432386,0.628301477295322,-0.6496449218510528,2.7180221656874424
0.756958085093806,-2.7643726664586596,-0.505392877191871,2.805662495272792,0.011145726686192792,-0.18887729912364848,-0.07440000819740888,0.6286686039795639,-0.6501944562908647,2.71935636644907
0.7621427295122567,-2.764326846642267,-0.5061589053693369,2.8053607427316445,0.011432616863592357,-0.1886924013340669,-0.07443453840458476,0.6290355478219802,-0.6507439722014577,2.7206906829167297
0.7673273739307074,-2.7642798639875994,-0.5069241831927769,2.805058850537796,0.011718923778312393,-0.1885079838546192,-0.07446897257812257,0.6294023077036212,-0.6512934682818428,2.722025113930682
0.7725120183491582,-2.764231720861157,-0.5076887126139165,2.8047568190797465,0.012004649016624805,-0.1883240457220266,-0.07450331104915785,0.6297688825074773,-0.6518429432320558,2.7233596583336452
0.7776966627676088,-2.7641824196229896,-0.5084524955805523,2.804454648744664,0.012289794161915557,-0.188140585974376,-0.07453755414769596,0.6301352711184756,-0.6523923957531558,2.724694314970751
0.7828813071860596,-2.7641319626267062,-0.509215534036561,2.8041523399183745,0.01257436079468112,-0.1879576036511304,-0.07457170220261465,0.6305014724234601,-0.6529418245472092,2.7260290826895703
0.7880659516045103,-2.7640803522194886,-0.5099778299219022,2.8038498929853723,0.012858350492522028,-0.187775097793141,-0.07460575554166822,0.6308674853111871,-0.6534912283172886,2.7273639603400857
0.7932505960229611,-2.7640275907421,-0.5107393851726261,2.8035473083288265,0.013141764830139041,-0.1875930674426579,-0.07463971449149215,0.6312333086723118,-0.6540406057674611,2.728698946774691
0.7984352404414118,-2.7639736805289,-0.5115002017208745,2.8032445863305835,0.013424605379326396,-0.18741151164334263,-0.07467357937760664,0.6315989413993819,-0.654589955602788,2.730034040848172
0.8036198848598625,-2.763918623907856,-0.5122602814948947,2.8029417273711763,0.0137068737089701,-0.1872304294402768,-0.07470735052442178,0.6319643823868287,-0.6551392765293143,2.7313692414176995
0.8088045292783133,-2.7638624232005538,-0.5130196264190385,2.802638731829815,0.013988571385041157,-0.1870498198799745,-0.0747410282552383,0.6323296305309439,-0.6556885672540533,2.7327045473428444
0.8139891736967639,-2.76380508072221,-0.5137782384137721,2.8023356000844073,0.014269699970592353,-0.18686968201039217,-0.0747746128922554,0.6326946847298895,-0.6562378264849973,2.734039957485532
0.8191738181152147,-2.763746598781685,-0.5145361193956779,2.8020323325115566,0.014550261025753047,-0.1866900148809399,-0.07480810475657237,0.6330595438836722,-0.6567870529310942,2.7353754707100535
0.8243584625336654,-2.7636869796814945,-0.5152932712774658,2.801728929486564,0.014830256107726661,-0.18651081754249055,-0.07484150416819317,0.6334242068941409,-0.6573362453022512,2.73671108588306
0.8295431069521162,-2.763626225717821,-0.5160496959679763,2.801425391383435,0.015109686770785738,-0.18633208904739068,-0.07487481144602984,0.6337886726649721,-0.6578854023093201,2.7380468018735478
0.8347277513705669,-2.7635643391805247,-0.5168053953721861,2.8011217185748882,0.01538855456626824,-0.18615382844947037,-0.0749080269079078,0.6341529401016682,-0.6584345226641002,2.7393826175528444
0.8399123957890176,-2.76350132235316,-0.5175603713912147,2.8008179114323495,0.015666861042573726,-0.1859760348040535,-0.07494115087056749,0.6345170081115343,-0.6589836050793175,2.740718531794613
0.8450970402074683,-2.763437177512981,-0.5183146259223319,2.8005139703259663,0.01594460774516071,-0.18579870716796687,-0.07497418364967054,0.6348808756036818,-0.6595326482686318,2.74205454347483
0.850281684625919,-2.7633719069309595,-0.5190681608589627,2.800209895624607,0.01622179621654256,-0.18562184459955017,-0.07500712555980199,0.6352445414890083,-0.660081650946621,2.743390651471791
0.8554663290443698,-2.763305512871794,-0.5198209780906948,2.7999056876958646,0.016498427996284912,-0.18544544615866498,-0.07503997691447475,0.6356080046801946,-0.6606306118287766,2.7447268546660935
0.8606509734628205,-2.7632379975939214,-0.5205730795032817,2.799601346906071,0.016774504621001024,-0.1852695109067052,-0.07507273802613451,0.6359712640916936,-0.6611795296315018,2.746063151940614
0.8658356178812712,-2.7631693633495313,-0.5213244669786532,2.7992968736202792,0.017050027624351066,-0.18509403790660495,-0.07510540920616046,0.6363343186397121,-0.6617284030720915,2.7473995421805397
0.871020262299722,-2.7630996123845764,-0.5220751423949199,2.798992268202295,0.01732499853703795,-0.18491902622284828,-0.07513799076487328,0.6366971672422164,-0.6622772308687425,2.748736024273319
0.8762049067181726,-2.763028746938784,-0.5228251076263775,2.798687531014661,0.017599418886803914,-0.18474447492147839,-0.07517048301153534,0.6370598088189087,-0.6628260117405336,2.7500725971086712
0.8813895511366234,-2.7629567692456716,-0.5235743645435174,2.7983826624186694,0.01787329019842973,-0.18457038307010565,-0.0752028862543566,0.637422242291225,-0.663374744407424,2.7514092595785793
0.8865741955550741,-2.7628836815325544,-0.5243229150130309,2.7980776627743627,0.018146613993731242,-0.18439674973791662,-0.07523520080049742,0.6377844665823195,-0.6639234275902461,2.7527460105772796
0.8917588399735249,-2.762809486020561,-0.5250707608978153,2.7977725324405442,0.018419391791557063,-0.18422357399568262,-0.07526742695607304,0.638146480617064,-0.6644720600107004,2.7540828490012506
0.8969434843919756,-2.762734184924643,-0.5258179040569801,2.7974672717747726,0.018691625107785742,-0.1840508549157686,-0.07529956502615627,0.6385082833220256,-0.6650206403913421,2.755419773749206
0.9021281288104263,-2.76265778045359,-0.526564346345856,2.7971618811333765,0.01896331545532509,-0.18387859157214045,-0.07533161531478257,0.6388698736254707,-0.6655691674555851,2.7567567837220888
0.907312773228877,-2.7625802748100394,-0.527310089615999,2.7968563608714523,0.019234464344109317,-0.18370678304037386,-0.07536357812495319,0.6392312504573456,-0.6661176399276858,2.7580938778230553
0.9124974176473277,-2.7625016701904874,-0.528055135715199,2.796550711342868,0.019505073281097143,-0.18353542839766182,-0.07539545375863826,0.63959241274927,-0.6666660565327426,2.7594310549574823
0.9176820620657785,-2.7624219687853073,-0.5287994864874839,2.7962449329002728,0.019775143770269857,-0.18336452672282338,-0.07542724251678164,0.639953359434528,-0.6672144159966827,2.760768314032939
0.9228667064842292,-2.762341172778754,-0.5295431437731293,2.795939025895091,0.02004467731263057,-0.18319407709631044,-0.07545894469930296,0.6403140894480539,-0.66776271704626,2.762105653959202
0.92805135090268,-2.7622592843489806,-0.5302861094086624,2.7956329906775363,0.02031367540620159,-0.18302407860021608,-0.07549056060510298,0.6406746017264288,-0.6683109584090471,2.763443073648227
0.9332359953211307,-2.76217630566805,-0.5310283852268727,2.7953268275966185,0.020582139546024503,-0.18285453031828147,-0.07552209053206789,0.6410348952078755,-0.6688591388134362,2.76478057201414
0.9384206397395813,-2.762092238901948,-0.5317699730568126,2.7950205370001315,0.0208500712241564,-0.18268543133590437,-0.07555353477706948,0.641394968832231,-0.6694072569886148,2.766118147973253
0.9436052841580321,-2.762007086210591,-0.5325108747238101,2.7947141192346736,0.02111747192967149,-0.1825167807401455,-0.07558489363597268,0.6417548215409543,-0.6699553116645761,2.76745580044403
0.9487899285764828,-2.761920849747845,-0.5332510920494737,2.794407574645644,0.021384343148658266,-0.18234857761973555,-0.07561616740363697,0.6421144522771123,-0.670503301572106,2.768793528347091
0.9539745729949336,-2.761833531661532,-0.5339906268516987,2.7941009035772457,0.02165068636421931,-0.1821808210650831,-0.07564735637392032,0.6424738599853631,-0.6710512254427714,2.7701313306052087
0.9591592174133843,-2.761745134093446,-0.5347294809446725,2.793794106372499,0.021916503056469347,-0.18201351016828127,-0.07567846083968399,0.6428330436119603,-0.6715990820089266,2.7714692061432804
0.964343861831835,-2.7616556591793637,-0.535467656138886,2.7934871833732275,0.022181794702536242,-0.1818466440231142,-0.07570948109279357,0.6431920021047244,-0.6721468700036871,2.77280715388835
0.9695285062502857,-2.761565109049055,-0.5362051542411359,2.7931801349200844,0.022446562776558474,-0.18168022172506432,-0.07574041742412589,0.643550734413055,-0.6726945881609456,2.7741451727695705
0.9747131506687364,-2.7614734858262997,-0.5369419770545372,2.792872961352539,0.022710808749686756,-0.181514242371318,-0.07577127012357013,0.6439092394879079,-0.6732422352153506,2.775483261718221
0.9798977950871872,-2.761380791628895,-0.5376781263785209,2.792565663008892,0.022974534090080517,-0.18134870506077394,-0.07580203948003245,0.6442675162817876,-0.6737898099023021,2.776821419667672
0.9850824395056379,-2.7612870285686704,-0.5384136040088523,2.7922582402262677,0.023237740262910714,-0.18118360889404755,-0.07583272578143872,0.6446255637487386,-0.6743373109579471,2.778159645553409
0.9902670839240887,-2.7611921987515,-0.5391484117376308,2.791950693340632,0.023500428730358028,-0.1810189529734781,-0.0758633293147394,0.6449833808443389,-0.6748847371191734,2.779497938312994
0.9954517283425394,-2.761096304277313,-0.5398825513532988,2.7916430226867806,0.023762600951612617,-0.18085473640313515,-0.07589385036591102,0.6453409665256851,-0.6754320871236009,2.780836296886095
1.0006363727609902,-2.7609993472401078,-0.540616024640648,2.7913352285983626,0.02402425838287403,-0.18069095828882467,-0.07592428921996255,0.6456983197513908,-0.6759793597095776,2.7821747202144214
1.0058210171794408,-2.760901329727963,-0.5413488333808287,2.7910273114078654,0.02428540247735214,-0.18052761773809406,-0.07595464616093633,0.6460554394815717,-0.6765265536161733,2.7835132072417794
1.0110056615978915,-2.76080225382305,-0.5420809793513552,2.790719271446628,0.02454603468526652,-0.1803647138602394,-0.07598492147191231,0.6464123246778344,-0.6770736675831661,2.784851756914024
1.0161903060163422,-2.760702121601646,-0.5428124643261147,2.7904111090448436,0.02480615645384711,-0.18020224576630983,-0.07601511543501241,0.6467689743032742,-0.677620700351048,2.786190368179065
1.021374950434793,-2.7606009351341436,-0.5435432900753701,2.7901028245315667,0.025065769227333376,-0.18004021256911473,-0.07604522833140323,0.647125387322462,-0.6781676506610084,2.787529039986851
1.0265595948532438,-2.760498696485068,-0.5442734583657738,2.78979441823471,0.025324874446976675,-0.17987861338322791,-0.07607526044129966,0.6474815627014346,-0.6787145172549328,2.788867771289373
1.0317442392716945,-2.760395407713083,-0.5450029709603703,2.789485890481054,0.025583473551039473,-0.17971744732499387,-0.07610521204396813,0.6478374994076884,-0.679261298875395,2.7902065610406512
1.0369288836901451,-2.760291070871008,-0.5457318296186033,2.789177241596244,0.02584156797479545,-0.17955671351253316,-0.0761350834177295,0.6481931964101594,-0.6798079942656438,2.7915454081967317
1.0421135281085958,-2.760185688005828,-0.546460036096327,2.7888684719048067,0.026099159150531903,-0.17939641106574722,-0.07616487483996487,0.6485486526792351,-0.6803546021696141,2.792884311715661
1.0472981725270467,-2.760079261158708,-0.5471875921458083,2.7885595817301385,0.026356248507548974,-0.17923653910632398,-0.07619458658711586,0.6489038671867243,-0.6809011213319011,2.794223270557509
1.0524828169454974,-2.7599717923650013,-0.5479144995157403,2.7882505713945207,0.02661283747216192,-0.17907709675774247,-0.0762242189346902,0.6492588389058616,-0.6814475504977662,2.7955622836843386
1.057667461363948,-2.759863283654265,-0.5486407599512413,2.78794144121912,0.02686892746769949,-0.17891808314527882,-0.07625377215726423,0.6496135668112926,-0.6819938884131262,2.7969013500601982
1.0628521057823987,-2.7597537370502723,-0.5493663751938702,2.787632191523988,0.027124519914508483,-0.17875949739601002,-0.07628324652848624,0.6499680498790636,-0.682540133824546,2.79824046865113
1.0680367502008494,-2.7596431545710205,-0.55009134698163,2.787322822628073,0.02737961622995226,-0.17860133863881927,-0.07631264232108056,0.6503222870866171,-0.6830862854792354,2.799579638425147
1.0732213946193003,-2.7595315382287504,-0.5508156770489763,2.7870133348492163,0.02763421782841312,-0.17844360600440035,-0.07634195980685005,0.6506762774127821,-0.6836323421250411,2.800918858352239
1.078406039037751,-2.759418890029951,-0.5515393671268214,2.7867037285041585,0.027888326121292287,-0.1782862986252633,-0.07637119925667946,0.6510300198377569,-0.6841783025104368,2.802258127404349
1.0835906834562017,-2.7593052119753763,-0.552262418942548,2.7863940039085477,0.0281419425170132,-0.17812941563573753,-0.07640036094054001,0.6513835133431147,-0.6847241653845246,2.803597444555378
1.0887753278746524,-2.7591905060600572,-0.5529848342200121,2.786084161376932,0.028395068421021796,-0.17797295617197711,-0.07642944512749064,0.6517367569117817,-0.6852699294970221,2.804936808781183
1.0939599722931033,-2.7590747742733113,-0.5537066146795526,2.7857742012227806,0.028647705235788218,-0.1778169193719647,-0.07645845208568416,0.6520897495280389,-0.6858155935982624,2.8062762190595474
1.099144616711554,-2.758958018598757,-0.5544277620379947,2.7854641237584694,0.02889985436080765,-0.1776613043755168,-0.07648738208236738,0.6524424901775004,-0.6863611564391779,2.8076156743701937
1.1043292611300046,-2.7588402410143242,-0.5551482780086636,2.7851539292952916,0.029151517192603435,-0.17750611032428648,-0.076516235383886,0.6527949778471128,-0.6869066167712995,2.8089551736947764
1.1095139055484553,-2.75872144349227,-0.555868164301389,2.7848436181434684,0.029402695124728345,-0.17735133636176864,-0.0765450122556887,0.6531472115251509,-0.6874519733467576,2.810294716016861
1.114698549966906,-2.7586016279991847,-0.556587422622512,2.7845331906121444,0.02965338954776589,-0.17719698163330314,-0.07657371296232929,0.6534991902012003,-0.6879972249182653,2.811634300321925
1.1198831943853569,-2.75848079649601,-0.5573060546748922,2.78422264700939,0.02990360184933194,-0.17704304528608,-0.07660233776746933,0.6538509128661478,-0.688542370239112,2.812973925597352
1.1250678388038076,-2.7583589509380477,-0.5580240621579176,2.7839119876422123,0.030153333414078123,-0.1768895264691419,-0.07663088693388327,0.6542023785121813,-0.6890874080631669,2.814313590832422
1.1302524832222582,-2.758236093274972,-0.5587414467675118,2.783601212816552,0.030402585623692843,-0.17673642433338863,-0.07665936072345995,0.6545535861327726,-0.6896323371448626,2.8156532950183077
1.135437127640709,-2.7581122254508434,-0.5594582101961403,2.783290322837292,0.03065135985690369,-0.17658373803158056,-0.07668775939720708,0.6549045347226754,-0.6901771562391972,2.81699303714806
1.1406217720591596,-2.757987349404119,-0.5601743541328179,2.78297931800826,0.03089965748947901,-0.1764314667183427,-0.07671608321525371,0.6552552232779114,-0.6907218641017203,2.818332816216605
1.1458064164776105,-2.7578614670676647,-0.560889880263117,2.7826681986322237,0.031147479894231153,-0.17627960955016791,-0.07674433243685284,0.6556056507957585,-0.6912664594885274,2.819672631220746
1.1509910608960612,-2.757734580368769,-0.5616047902691768,2.782356965010909,0.031394828441018305,-0.17612816568542014,-0.07677250732038654,0.6559558162747554,-0.6918109411562653,2.8210124811591375
1.1561757053145119,-2.757606691229154,-0.56231908582971,2.782045617444993,0.031641704496747414,-0.17597713428433776,-0.07680060812336764,0.6563057187146801,-0.6923553078621115,2.8223523650322955
1.1613603497329625,-2.7574778015649857,-0.563032768620007,2.7817341562341102,0.031888109425374955,-0.17582651450903802,-0.0768286351024427,0.6566553571165438,-0.6928995583637734,2.8236922818425816
1.1665449941514132,-2.757347913286889,-0.5637458403119495,2.781422581676856,0.0321340445879119,-0.1756763055235187,-0.07685658851339618,0.6570047304825863,-0.6934436914194838,2.8250322305941977
1.1717296385698641,-2.7572170282999577,-0.5644583025740153,2.7811108940707947,0.03237951134242481,-0.17552650649366192,-0.07688446861115361,0.6573538378162697,-0.6939877057879984,2.826372210293177
1.1769142829883148,-2.757085148503768,-0.5651701570712835,2.7807990937124494,0.032624511044038226,-0.175377116587238,-0.07691227564978255,0.6577026781222514,-0.6945316002285719,2.827712219947389
1.1820989274067655,-2.7569522757923894,-0.5658814054654475,2.7804871808973255,0.03286904504493887,-0.175228134973907,-0.07694000988249933,0.6580512504064032,-0.6950753735009777,2.829052258566513
1.1872835718252162,-2.756818412054397,-0.5665920494148196,2.7801751559198964,0.03311311469437725,-0.17507956082522258,-0.07696767156166913,0.6583995536757824,-0.6956190243654825,2.830392325162047
1.192468216243667,-2.756683559172883,-0.5673020905743387,2.779863019073616,0.03335672133867047,-0.17493139331463486,-0.07699526093881032,0.6587475869386298,-0.6961625515828465,2.8317324187472908
1.1976528606621177,-2.7565477190254697,-0.5680115305955784,2.7795507706509213,0.033599866321206276,-0.17478363161749294,-0.0770227782645977,0.6590953492043621,-0.6967059539143196,2.8330725383373503
1.2028375050805684,-2.756410893484322,-0.5687203711267552,2.7792384109432318,0.03384255098244446,-0.17463627491104788,-0.07705022378886485,0.6594428394835582,-0.6972492301216277,2.8344126829491194
1.208022149499019,-2.7562730844161556,-0.5694286138127367,2.7789259402409607,0.034084776659921365,-0.1744893223744548,-0.0770775977606084,0.6597900567879637,-0.6977923789669802,2.8357528516012787
1.2132067939174698,-2.7561342936822544,-0.5701362602950477,2.7786133588335096,0.03432654468825194,-0.17434277318877633,-0.07710490042798958,0.6601370001304638,-0.6983353992130479,2.8370930433142885
1.2183914383359207,-2.7559945231384786,-0.5708433122118802,2.7783006670092742,0.03456785639913376,-0.17419662653698442,-0.0771321320383382,0.6604836685250874,-0.6988782896229654,2.838433257110383
1.2235760827543714,-2.755853774635277,-0.571549771198099,2.7779878650556515,0.03480871312134935,-0.17405088160396304,-0.07715929283815556,0.6608300609869966,-0.6994210489603264,2.839773492013561
1.228760727172822,-2.755712050017701,-0.572255638885252,2.7776749532590443,0.03504911618077035,-0.17390553757651056,-0.07718638307311816,0.6611761765324787,-0.6999636759891783,2.8411137470495773
1.2339453715912727,-2.7555693511254145,-0.5729609169015755,2.7773619319048533,0.035289066900360155,-0.1737605936433423,-0.07721340298807866,0.6615220141789312,-0.7005061694740037,2.8424540212459464
1.2391300160097234,-2.7554256797927055,-0.5736656068720039,2.777048801277493,0.035528566600177766,-0.1736160489950922,-0.0772403528270712,0.6618675729448629,-0.7010485281797331,2.843794313631924
1.2443146604281743,-2.7552810378484995,-0.574369710418176,2.7767355616603906,0.035767616597380675,-0.17347190282431585,-0.07726723283331312,0.6622128518498793,-0.7015907508717238,2.845134623238504
1.249499304846625,-2.755135427116371,-0.5750732291584453,2.7764222133359864,0.03600621820622946,-0.1733281543254916,-0.07729404324920841,0.6625578499146768,-0.7021328363157637,2.846474949098415
1.2546839492650756,-2.754988849414554,-0.575776164707885,2.7761087565857423,0.036244372738089836,-0.17318480269502362,-0.07732078431635035,0.662902566161033,-0.7026747832780587,2.847815290246113
1.2598685936835263,-2.754841306555955,-0.5764785186782977,2.775795191690138,0.03648208150143778,-0.17304184713124332,-0.07734745627552453,0.6632469996117961,-0.7032165905252273,2.8491556457177745
1.265053238101977,-2.7546928003481663,-0.5771802926782225,2.7754815189286832,0.03671934580186195,-0.17289928683441141,-0.07737405936671223,0.6635911492908841,-0.7037582568243003,2.850496014551281
1.270237882520428,-2.754543332593473,-0.5778814883129444,2.7751677385799134,0.03695616694206838,-0.17275712100671975,-0.07740059382909295,0.6639350142232688,-0.7042997809427105,2.851836395786233
1.2754225269388786,-2.7543929050888707,-0.578582107184499,2.7748538509213994,0.03719254622188323,-0.17261534885229343,-0.07742705990104762,0.6642785934349721,-0.704841161648285,2.8531767884639176
1.2806071713573293,-2.7542415196260723,-0.5792821508916847,2.774539856229743,0.03742848493825797,-0.17247396957719208,-0.0774534578201611,0.6646218859530536,-0.7053823977092432,2.854517191627329
1.28579181577578,-2.7540891779915224,-0.5799816210300658,2.774225754780586,0.037663984385271576,-0.1723329823894123,-0.07747978782322537,0.6649648908056055,-0.7059234878941866,2.8558576043211374
1.2909764601942308,-2.7539358819664086,-0.5806805191919859,2.7739115468486126,0.037899045854136226,-0.17219238649888818,-0.0775060501462426,0.6653076070217444,-0.7064644309720987,2.8571980255917033
1.2961611046126815,-2.753781633326674,-0.5813788469665708,2.77359723270755,0.03813367063319972,-0.1720521811174941,-0.0775322450244277,0.6656500336316009,-0.707005225712332,2.8585384544870562
1.3013457490311322,-2.753626433843025,-0.5820766059397385,2.773282812630177,0.038367860007950325,-0.1719123654590456,-0.07755837269221168,0.6659921696663141,-0.7075458708846087,2.859878890056893
1.3065303934495829,-2.753470285280949,-0.5827737976942091,2.772968286888318,0.038601615261020836,-0.17177293873930075,-0.07758443338324371,0.666334014158022,-0.7080863652590101,2.8612193313525776
1.3117150378680336,-2.7533131894007212,-0.5834704238095076,2.7726536557528583,0.03883493767219215,-0.1716339001759624,-0.07761042733039515,0.6666755661398515,-0.7086267076059726,2.8625597774271205
1.3168996822864845,-2.7531551479574183,-0.584166485861979,2.772338919493735,0.039067828518398365,-0.1714952489886783,-0.07763635476576128,0.6670168246459143,-0.7091668966962819,2.8639002273351926
1.3220843267049351,-2.7529961627009296,-0.5848619854247892,2.772024078379949,0.03930028907372983,-0.17135698439904334,-0.07766221592066468,0.6673577887112931,-0.7097069313010649,2.865240680133097
1.3272689711233858,-2.752836235375969,-0.5855569240679381,2.771709132679563,0.03953232060943848,-0.17121910563060075,-0.07768801102565799,0.6676984573720411,-0.7102468101917879,2.8665811348787824
1.3324536155418365,-2.7526753677220865,-0.5862513033582641,2.7713940826597083,0.039763924393941,-0.17108161190884286,-0.07771374031052672,0.6680388296651653,-0.7107865321402458,2.8679215906318247
1.3376382599602872,-2.752513561473678,-0.5869451248594548,2.771078928586585,0.03999510169282429,-0.17094450246121273,-0.07773940400429234,0.6683789046286267,-0.7113260959185613,2.86926204645342
1.342822904378738,-2.752350818360002,-0.587638390132053,2.7707636707254686,0.04022585376884932,-0.17080777651710494,-0.07776500233521466,0.6687186813013252,-0.7118655002991753,2.8706025014063865
1.3480075487971888,-2.7521871401051836,-0.5883311007334653,2.7704483093407055,0.04045618188195521,-0.1706714333078667,-0.07779053553079435,0.6690581587230932,-0.712404744054839,2.8719429545551587
1.3531921932156394,-2.752022528428232,-0.589023258217971,2.7701328446957274,0.040686087289264344,-0.17053547206679912,-0.07781600381777695,0.6693973359346932,-0.7129438259586172,2.8732834049657656
1.3583768376340901,-2.751856985043049,-0.589714864136729,2.769817277053045,0.04091557124508666,-0.17039989202915762,-0.07784140742215445,0.6697362119778028,-0.7134827447838731,2.874623851705845
1.3635614820525408,-2.7516905116584436,-0.5904059200377855,2.7695016066742544,0.04114463500092368,-0.17026469243215364,-0.0778667465691682,0.670074785895008,-0.7140214993042636,2.8759642938446235
1.3687461264709917,-2.7515231099781383,-0.5910964274660835,2.7691858338200386,0.0413732798054741,-0.1701298725149547,-0.07789202148331201,0.6704130567297955,-0.7145600882937372,2.8773047304529236
1.3739307708894424,-2.7513547817007855,-0.5917863879634685,2.7688699587501784,0.04160150690463722,-0.16999543151868596,-0.07791723238833559,0.6707510235265524,-0.7150985105265298,2.878645160603133
1.379115415307893,-2.7511855285199758,-0.5924758030687002,2.7685539817235414,0.04182931754151896,-0.16986136868642993,-0.0779423795072455,0.6710886853305438,-0.7156367647771524,2.8799855833692316
1.3843000597263437,-2.7510153521242517,-0.5931646743174556,2.768237902998097,0.04205671295643516,-0.16972768326322848,-0.07796746306230919,0.671426041187914,-0.7161748498203863,2.8813259978267567
1.3894847041447946,-2.750844254197117,-0.5938530032423419,2.767921722830912,0.04228369438691777,-0.1695943744960826,-0.07799248327505752,0.6717630901456786,-0.7167127644312846,2.882666403052818
1.3946693485632453,-2.7506722364170484,-0.5945407913729,2.767605441478163,0.042510263067718004,-0.16946144163395346,-0.07801744036628769,0.6720998312517167,-0.717250507385159,2.884006798126073
1.399853992981696,-2.7504993004575087,-0.5952280402356173,2.7672890591951225,0.04273642023081273,-0.16932888392776269,-0.0780423345560643,0.6724362635547523,-0.7177880774575721,2.885347182126742
1.4050386374001467,-2.7503254479869557,-0.5959147513539301,2.766972576236182,0.04296216710540815,-0.16919670063039327,-0.07806716606372484,0.6727723861043655,-0.7183254734243422,2.8866875541365804
1.4102232818185974,-2.750150680668855,-0.5966009262482386,2.7666559928548407,0.04318750491794576,-0.16906489099668953,-0.07809193510788012,0.6731081979509694,-0.7188626940615276,2.888027913238888
1.4154079262370483,-2.749975000161691,-0.5972865664359065,2.7663393093037136,0.043412434892105806,-0.16893345428345838,-0.07811664190641755,0.6734436981458053,-0.7193997381454229,2.8893682585184983
1.420592570655499,-2.749798408118978,-0.5979716734312771,2.7660225258345346,0.043636958248814,-0.16880238974946885,-0.07814128667650422,0.6737788857409401,-0.7199366044525584,2.89070858906177
1.4257772150739496,-2.7496209061892714,-0.5986562487456758,2.765705642698157,0.04386107620624505,-0.16867169665545312,-0.07816586963458882,0.6741137597892519,-0.7204732917596857,2.8920489039565895
1.4309618594924003,-2.7494424960161776,-0.5993402938874209,2.765388660144559,0.04408478997982855,-0.16854137426410634,-0.07819039099640518,0.674448319344427,-0.7210097988437802,2.893389202292354
1.436146503910851,-2.749263179238369,-0.6000238103618306,2.7650715784228503,0.044308100782253834,-0.1684114218400875,-0.0782148509769747,0.6747825634609511,-0.7215461244820321,2.894729483159969
1.4413311483293019,-2.749082957489591,-0.6007067996712306,2.76475439778126,0.04453100982347459,-0.16828183865001908,-0.07823924979060724,0.6751164911940953,-0.7220822674518359,2.896069745651852
1.4465157927477525,-2.7489018323986762,-0.6013892633149639,2.7644371184671597,0.04475351831071503,-0.16815262396248762,-0.07826358765090688,0.6754501015999204,-0.7226182265307942,2.8974099888619147
1.4517004371662032,-2.7487198055895528,-0.6020712027893966,2.764119740727051,0.04497562744847383,-0.16802377704804383,-0.07828786477077163,0.6757833937352562,-0.7231540004967029,2.8987502118855604
1.456885081584654,-2.7485368786812567,-0.6027526195879281,2.763802264806578,0.045197338438530604,-0.1678952971792025,-0.07831208136239819,0.6761163666577058,-0.7236895881275535,2.900090413819679
1.4620697260031046,-2.7483530532879454,-0.6034335152009959,2.7634846909505204,0.04541865247994967,-0.1677671836304431,-0.07833623763728226,0.6764490194256223,-0.7242249882015164,2.9014305937626492
1.4672543704215555,-2.7481683310189045,-0.6041138911160886,2.763167019402807,0.04563957076908676,-0.16763943567820916,-0.07836033380622354,0.6767813510981211,-0.7247601994969497,2.902770750814318
1.4724390148400062,-2.747982713478561,-0.6047937488177485,2.7628492504065103,0.04586009449959311,-0.1675120526009089,-0.07838437007932636,0.6771133607350522,-0.7252952207923793,2.904110884076007
1.4776236592584568,-2.747796202266496,-0.6054730897875844,2.7625313842038524,0.04608022486242189,-0.1673850336789146,-0.07840834666600327,0.6774450473970068,-0.7258300508665029,2.905450992650502
1.4828083036769075,-2.7476087989774522,-0.6061519155042752,2.762213421036212,0.04629996304583227,-0.16725837819456324,-0.07843226377497789,0.677776410145306,-0.7263646884981826,2.906791075642041
1.4879929480953584,-2.747420505201347,-0.6068302274435822,2.761895361144121,0.04651931023539628,-0.1671320854321558,-0.07845612161428638,0.6781074480419874,-0.7268991324664339,2.908131132156323
1.493177592513809,-2.747231322523283,-0.6075080270783532,2.7615772047672666,0.046738267614002654,-0.16700615467795754,-0.07847992039128043,0.6784381601498043,-0.7274333815504265,2.9094711613004884
1.4983622369322598,-2.747041252523559,-0.6081853158785341,2.761258952144498,0.04695683636186354,-0.16688058522019733,-0.07850366031262948,0.6787685455322112,-0.7279674345294725,2.9108111621831303
1.5035468813507105,-2.7468502967776813,-0.6088620953111739,2.7609406035138297,0.047175017656519186,-0.16675537634906828,-0.07852734158432431,0.6790986032533638,-0.7285012901830262,2.912151133914266
1.5087315257691611,-2.746658456856373,-0.6095383668404352,2.760622159112442,0.047392812672843926,-0.16663052735672657,-0.07855096441167837,0.6794283323781085,-0.7290349472906776,2.913491075605349
1.513916170187612,-2.7464657343255885,-0.6102141319275993,2.7603036191766845,0.0476102225830511,-0.16650603753729185,-0.07857452899933096,0.6797577319719708,-0.729568404632142,2.9148309863692607
1.5191008146060627,-2.746272130746519,-0.6108893920310786,2.759984983942078,0.04782724855669951,-0.16638190618684656,-0.07859803555124925,0.6800868011011533,-0.7301016609872608,2.916170865320297
1.5242854590245134,-2.746077647675608,-0.6115641486064192,2.7596662536433145,0.04804389176069768,-0.166258132603436,-0.07862148427073033,0.6804155388325208,-0.7306347151359882,2.9175107115741756
1.529470103442964,-2.7458822866645587,-0.6122384031063137,2.7593474285142707,0.04826015335931086,-0.1661347160870674,-0.07864487536040565,0.6807439442336038,-0.7311675658583946,2.9188505242480107
1.5346547478614148,-2.7456860492603483,-0.6129121569806059,2.7590285087879973,0.04847603451416553,-0.16601165593971007,-0.07866820902224095,0.6810720163725813,-0.7317002119346544,2.920190302460335
1.5398393922798657,-2.7454889370052356,-0.6135854116763012,2.758709494696732,0.04869153638425584,-0.1658889514652947,-0.0786914854575408,0.6813997543182789,-0.7322326521450441,2.9215300453310653
1.5450240366983163,-2.7452909514367736,-0.6142581686375729,2.7583903864718913,0.04890666012594855,-0.16576660196971277,-0.07871470486694873,0.6817271571401516,-0.7327648852699282,2.922869751981526
1.550208681116767,-2.7450920940878176,-0.614930429305771,2.758071184344085,0.0491214068929894,-0.16564460676081638,-0.07873786745045232,0.6820542239082905,-0.7332969100897685,2.9242094215344174
1.5553933255352177,-2.7448923664865417,-0.6156021951194302,2.7577518885431127,0.04933577783650825,-0.16552296514841763,-0.07876097340738356,0.6823809536934046,-0.7338287253851041,2.9255490531138246
1.5605779699536684,-2.7446917701564404,-0.6162734675142774,2.7574324992979657,0.049549774105025354,-0.16540167644428788,-0.07878402293642245,0.6827073455668179,-0.7343603299365546,2.9268886458452106
1.5657626143721193,-2.74449030661635,-0.6169442479232403,2.7571130168368363,0.04976339684445663,-0.16528073996215734,-0.07880701623559931,0.6830333986004636,-0.7348917225248137,2.928228198855402
1.57094725879057,-2.7442879773804494,-0.6176145377764558,2.7567934413871056,0.04997664719811985,-0.16516015501771436,-0.07882995350229537,0.6833591118668648,-0.7354229019306348,2.929567711272612
1.5761319032090206,-2.744084783958277,-0.6182843385012766,2.756473773175367,0.05018952630674012,-0.1650399209286051,-0.07885283493324857,0.6836844844391479,-0.7359538669348396,2.9309071822263864
1.5813165476274713,-2.7438807278547372,-0.6189536515222787,2.7561540124274075,0.05040203530845552,-0.16492003701443256,-0.07887566072455206,0.6840095153910095,-0.736484616318296,2.9322466108476495
1.5865011920459222,-2.7436758105701156,-0.6196224782612735,2.755834159368229,0.05061417533882395,-0.16480050259675566,-0.07889843107165997,0.6843342037967342,-0.7370151488619314,2.933585996268661
1.591685836464373,-2.743470033600084,-0.6202908201373108,2.755514214222039,0.05082594753082788,-0.1646813169990893,-0.07892114616938775,0.68465854873117,-0.7375454633467114,2.9349253376230338
1.5968704808828236,-2.743263398435716,-0.6209586785666902,2.7551941772122532,0.05103735301488074,-0.16456247954690265,-0.07894380621191459,0.6849825492697245,-0.7380755585536389,2.936264634045717
1.6020551253012743,-2.743055906563494,-0.6216260549629659,2.7548740485615077,0.05124839291883258,-0.16444398956761938,-0.07896641139278682,0.6853062044883613,-0.7386054332637509,2.937603884672993
1.607239769719725,-2.742847559465321,-0.6222929507369586,2.754553828491651,0.051459068367976604,-0.1643258463906159,-0.07898896190491939,0.6856295134635912,-0.739135086258114,2.9389430886424774
1.6124244141381758,-2.742638358618531,-0.6229593672967602,2.754233517223751,0.05166938048505426,-0.16420804934722127,-0.07901145794059833,0.6859524752724614,-0.739664516317811,2.940282245093106
1.6176090585566265,-2.742428305495899,-0.6236253060477439,2.7539131149781015,0.05187933039026214,-0.164090597770716,-0.07903389969148367,0.6862750889925533,-0.7401937222239466,2.941621353165133
1.6227937029750772,-2.742217401565651,-0.62429076839257,2.7535926219742164,0.05208891920125672,-0.16397349099633118,-0.07905628734861055,0.6865973537019683,-0.7407227027576293,2.9429604120001303
1.6279783473935279,-2.7420056482914754,-0.6249557557311971,2.753272038430836,0.05229814803316196,-0.1638567283612476,-0.07907862110239237,0.6869192684793268,-0.7412514566999763,2.9442994207409785
1.6331629918119785,-2.7417930471325347,-0.6256202694608854,2.7529513645659343,0.05250701799857377,-0.16374030920459529,-0.07910090114262337,0.6872408324037593,-0.7417799828321026,2.9456383785318536
1.6383476362304294,-2.7415795995434697,-0.6262843109762102,2.752630600596714,0.05271553020756736,-0.1636242328674516,-0.0791231276584802,0.6875620445548969,-0.7423082799351189,2.946977284518239
1.6435322806488801,-2.7413653069744184,-0.6269478816690648,2.7523097467396127,0.05292368576770223,-0.16350849869284112,-0.07914530083852409,0.6878829040128637,-0.7428363467901197,2.948316137846907
1.6487169250673308,-2.741150170871019,-0.6276109829286719,2.751988803210306,0.05313148578402899,-0.16339310602573454,-0.07916742087070404,0.6882034098582736,-0.7433641821781845,2.9496549376659202
1.6539015694857815,-2.7409341926744233,-0.6282736161415893,2.7516677702237056,0.0533389313590949,-0.16327805421304703,-0.07918948794235775,0.6885235611722156,-0.7438917848803672,2.950993683124625
1.6590862139042324,-2.740717373821308,-0.6289357826917203,2.751346647993972,0.05354602359295088,-0.16316334260363785,-0.07921150224021589,0.6888433570362573,-0.7444191536776976,2.9523323733736397
1.664270858322683,-2.7404997157438817,-0.629597483960318,2.7510254367345013,0.053752763583156116,-0.1630489705483093,-0.07923346395040151,0.6891627965324252,-0.7449462873511654,2.9536710075648664
1.6694555027411337,-2.7402812198698987,-0.6302587213259981,2.7507041366579434,0.053959152424786105,-0.16293493739980502,-0.07925537325843514,0.6894818787432078,-0.7454731846817251,2.955009584851465
1.6746401471595844,-2.740061887622665,-0.6309194961647411,2.7503827479761935,0.05416519121043681,-0.16282124251280983,-0.07927723034923483,0.6898006027515393,-0.7459998444502809,2.956348104387865
1.679824791578035,-2.739841720421052,-0.6315798098499059,2.7500612709004004,0.05437088103023276,-0.16270788524394744,-0.0792990354071198,0.6901189676408022,-0.7465262654376904,2.957686565329753
1.685009435996486,-2.7396207196795035,-0.6322396637522331,2.749739705640965,0.05457622297183154,-0.16259486495178055,-0.07932078861581138,0.690436972494807,-0.7470524464247492,2.9590249668340673
1.6901940804149367,-2.7393988868080497,-0.6328990592398558,2.749418052407546,0.054781218120431435,-0.16248218099680883,-0.07934249015843668,0.6907546163978014,-0.7475783861921969,2.960363308058998
1.6953787248333874,-2.7391762232123136,-0.6335579976783065,2.7490963114090627,0.05498586755877648,-0.16236983274146788,-0.07936414021752963,0.6910718984344478,-0.748104083520701,2.961701588163975
1.700563369251838,-2.738952730293522,-0.6342164804305246,2.748774482853692,0.05519017236716357,-0.16225781955012847,-0.0793857389750334,0.691388817689825,-0.748629537190857,2.963039806309668
1.7057480136702887,-2.7387284094485165,-0.6348745088568654,2.7484525669488775,0.055394133623448055,-0.16214614078909467,-0.07940728661230302,0.6917053732494154,-0.7491547459831811,2.964377961657982
1.7109326580887396,-2.738503262069762,-0.635532084315107,2.748130563901328,0.05559775240305066,-0.16203479582660324,-0.07942878331010718,0.6920215641991047,-0.7496797086781063,2.9657160533720486
1.7161173025071903,-2.7382772895453575,-0.6361892081604582,2.7478084739170203,0.05580102977896301,-0.16192378403282198,-0.07945022924863009,0.6923373896251672,-0.7502044240559734,2.9670540806162276
1.721301946925641,-2.7380504932590464,-0.6368458817455666,2.7474862972012013,0.05600396682175432,-0.16181310477984862,-0.07947162460747417,0.6926528486142614,-0.7507288908970292,2.968392042556093
1.7264865913440917,-2.7378228745902238,-0.6375021064205274,2.747164033958393,0.056206564599577874,-0.16170275744170937,-0.07949296956566215,0.6929679402534267,-0.7512531079814185,2.9697299383584346
1.7316712357625423,-2.7375944349139516,-0.6381578835328904,2.746841684392394,0.056408824178177344,-0.1615927413943577,-0.07951426430163924,0.6932826636300705,-0.7517770740891825,2.971067767191256
1.7368558801809932,-2.737365175600962,-0.6388132144276669,2.746519248706276,0.05661074662089238,-0.16148305601567314,-0.07953550899327419,0.6935970178319613,-0.7523007880002455,2.972405528223762
1.742040524599444,-2.7371350980176716,-0.6394681004473393,2.7461967271023946,0.05681233298866571,-0.1613737006854599,-0.07955670381786312,0.6939110019472247,-0.752824248494416,2.973743220626357
1.7472251690178946,-2.7369042035261884,-0.6401225429318675,2.7458741197823855,0.0570135843400494,-0.16126467478544534,-0.07957784895213033,0.6942246150643369,-0.7533474543513815,2.975080843570646
1.7524098134363453,-2.7366724934843254,-0.6407765432186983,2.745551426947175,0.05721450173121083,-0.1611559776992788,-0.07959894457223139,0.6945378562721132,-0.753870404350698,2.9764183962294144
1.7575944578547962,-2.7364399692456063,-0.6414301026427726,2.745228648796968,0.05741508621593977,-0.16104760881252989,-0.07961999085375403,0.6948507246597017,-0.7543930972717878,2.9777558777766444
1.7627791022732469,-2.736206632159277,-0.6420832225365315,2.744905785531265,0.05761533884565366,-0.1609395675126875,-0.07964098797172126,0.6951632193165802,-0.7549155318939352,2.979093287387496
1.7679637466916975,-2.7359724835703148,-0.6427359042299271,2.744582837348858,0.0578152606694053,-0.1608318531891583,-0.07966193610059345,0.6954753393325466,-0.7554377069962785,2.980430624238302
1.7731483911101482,-2.735737524819438,-0.6433881490504282,2.744259804447828,0.058014852733888095,-0.16072446523326492,-0.07968283541426886,0.6957870837977044,-0.7559596213578,2.9817678875065745
1.778333035528599,-2.7355017572431164,-0.6440399583230294,2.743936687025558,0.0582141160834435,-0.1606174030382449,-0.07970368608608829,0.6960984518024723,-0.7564812737573351,2.983105076370986
1.7835176799470498,-2.7352651821735803,-0.6446913333702571,2.743613485278726,0.058413051760066365,-0.1605106659992493,-0.07972448828883479,0.6964094424375614,-0.7570026629735496,2.9844421900113756
1.7887023243655005,-2.735027800938829,-0.6453422755121795,2.7432901994033125,0.05861166080341254,-0.16040425351334073,-0.07974524219473693,0.6942415613449447,-0.7537736137538454,2.9864441826508528
1.7938869687839512,-2.7347896148626423,-0.6459927860664133,2.7429668295945993,0.05854246064819153,-0.15956908537897319,-0.07940315077506321,0.688880764367464,-0.7457519686117412,2.9892983389527905
1.7990716132024018,-2.734550625264588,-0.6466428663481316,2.7426433760471776,0.05812764917254244,-0.1578027199838535,-0.07859638428346755,0.6859742059018683,-0.7414872852095635,2.9914887040624767
1.8042562576208525,-2.7343108334600332,-0.6472925176700703,2.7423198389549417,0.05770841696387864,-0.15603886260240923,-0.07778914280275494,0.6862413483942555,-0.7420201305923598,2.992827706116128
1.8094409020393034,-2.7340702407601527,-0.6479417413425401,2.7419962185110958,0.05728477508009809,-0.15427750262031914,-0.07698142798333416,0.686508573096892,-0.7425526062444006,2.9941665957155554
1.814625546457754,-2.733828848471937,-0.6485905386734282,2.741672514908159,0.05685673453416079,-0.15251862944977093,-0.07617324146804255,0.68677587778187,-0.7430847114831484,2.9955053723325897
1.8198101908762048,-2.733586657898206,-0.6492389109682115,2.7413487283379623,0.05642430629421534,-0.15076223252935972,-0.07536458489217508,0.6870432602296472,-0.7436164456276315,2.9968440354394823
1.8249948352946554,-2.7333436703376144,-0.6498868595299612,2.741024858991654,0.0559875012837237,-0.14900830132398876,-0.07455545988351531,0.6873107182290175,-0.7441478079984342,2.9981825845088923
1.8301794797131061,-2.7330998870846615,-0.6505343856593521,2.7407009070597,0.055546330381586434,-0.14725682532476891,-0.07374586806236443,0.6875782495770716,-0.7446787979176783,2.9995210190139043
1.835364124131557,-2.732855309429702,-0.6511814906546687,2.740376872731887,0.055100804422267,-0.14550779404891928,-0.0729358110415716,0.6878458520791628,-0.745209414709008,3.0008593384280204
1.8405487685500077,-2.732609938658954,-0.6518281758118151,2.7400527561973274,0.054650934195916503,-0.14376119703966672,-0.0721252904265639,0.6881135235488691,-0.7457396576975747,3.0021975422251725
1.8457334129684584,-2.7323637760545108,-0.6524744424243206,2.7397285576444528,0.05419673044849662,-0.14201702386614662,-0.07131430781537433,0.688381261807957,-0.7462695262100196,3.0035356298797207
1.850918057386909,-2.7321168228943455,-0.6531202917833502,2.7394042772610288,0.05373820388190393,-0.1402752641233027,-0.07050286479867297,0.688649064686349,-0.7467990195744629,3.004873600866467
1.85610270180536,-2.7318690804523236,-0.6537657251777075,2.739079915234145,0.05327536515409161,-0.138535907431788,-0.06969096295979466,0.6889169300220821,-0.7473281371204821,3.006211454660642
1.8612873462238106,-2.7316205499982136,-0.6544107438938482,2.738755471750227,0.052808224879193504,-0.13679894343786525,-0.06887860387476945,0.6891848556612789,-0.7478568781791042,3.0075491907379233
1.8664719906422613,-2.7313712327976907,-0.655055349215884,2.738430946995029,0.05233679362764504,-0.13506436181330703,-0.06806578911235014,0.6894528394581045,-0.7483852420827827,3.0088868085744362
1.871656635060712,-2.731121130112351,-0.6556995424255911,2.738106341153644,0.05186108192630564,-0.1333321522552969,-0.06725252023404231,0.6897208792747388,-0.7489132281653905,3.010224307646754
1.8768412794791627,-2.730870243199719,-0.6563433248024194,2.7377816544105023,0.05138110025857995,-0.1316023044863302,-0.06643879879413235,0.6899889729813379,-0.749440835762203,3.0115616874319096
1.8820259238976136,-2.730618573313256,-0.6569866976234975,2.737456886949376,0.050896859064538544,-0.12987480825411485,-0.06562462633971677,0.6902571184559987,-0.7499680642098796,3.0128989474073813
1.8872105683160643,-2.7303661217023683,-0.6576296621636419,2.7371320389533764,0.050408368741038774,-0.1281496533314724,-0.06481000441072958,0.6905253135847252,-0.7504949128464548,3.014236087051121
1.892395212734515,-2.7301128896124207,-0.6582722196953653,2.736807110604961,0.04991563964184478,-0.126426829516239,-0.06399493453997152,0.6907935562613919,-0.7510213810113197,3.0155731058415385
1.8975798571529656,-2.7298588782847393,-0.6589143714888841,2.7364821020859305,0.04941868207774744,-0.12470632663116668,-0.06317941825313772,0.6910618443877107,-0.7515474680452097,3.0169100032575193
1.9027645015714163,-2.729604088956625,-0.6595561188121233,2.7361570135774387,0.048917506316682936,-0.12298813452382479,-0.062363457068846315,0.691330175873198,-0.7520731732901927,3.0182467787784133
1.9079491459898672,-2.72934852286136,-0.6601974629307286,2.7358318452599852,0.048412122583852905,-0.12127224306650092,-0.06154705249866589,0.6915985486351366,-0.7525984960896505,3.0195834318840586
1.9131337904083179,-2.729092181228218,-0.6608384051080703,2.735506597313426,0.047902541061841775,-0.11955864215610315,-0.060730206047143825,0.691866960598544,-0.7531234357882672,3.0209199620547644
1.9183184348267686,-2.7288350652824738,-0.6614789466052542,2.7351812699169686,0.04738877189073573,-0.11784732171406084,-0.059912919211833636,0.6921354096961403,-0.7536479917320198,3.022256368771328
1.9235030792452192,-2.728577176245409,-0.6621190886811247,2.734855863249178,0.04687082516823974,-0.11613827168622703,-0.05909519348332241,0.6924038938683054,-0.7541721632681525,3.023592651515037
1.92868772366367,-2.7283185153343235,-0.6627588325922777,2.73453037748798,0.04634871094979543,-0.11443148204277956,-0.05827703034525926,0.692672411063061,-0.754695949745182,3.0249288097676645
1.9338723680821208,-2.728059083762545,-0.6633981795930644,2.734204812810657,0.04582243924869738,-0.11272694277812373,-0.057458431274381154,0.6929409592360192,-0.7552193505128645,3.026264843011488
1.9390570125005715,-2.727798882739435,-0.6640371309356008,2.733879169393857,0.04529202003621036,-0.1110246439107937,-0.05663939774054171,0.6932095363503611,-0.7557423649221964,3.0276007507292766
1.9442416569190222,-2.7275379134703988,-0.6646756878697736,2.733553447413593,0.04475746324168433,-0.1093245754833549,-0.055819931206737276,0.6934781403768,-0.756264992325394,3.028936532404308
1.9494263013374729,-2.727276177156896,-0.6653138516432507,2.7332276470452417,0.0442187787526713,-0.10762672756230604,-0.055000033129134235,0.6937467692935465,-0.7567872320758847,3.030272187520365
1.9546109457559238,-2.7270136749964458,-0.6659516235014847,2.7329017684635497,0.04367597641503941,-0.10593109023798186,-0.05417970495709586,0.6940154210862751,-0.7573090835282903,3.0316077155617465
1.9597955901743744,-2.7267504081826384,-0.6665890046877252,2.732575811842638,0.043129066033088824,-0.10423765362445508,-0.0533589481332097,0.6942840937480991,-0.7578305460384205,3.0329431160132527
1.9649802345928251,-2.7264863779051423,-0.6672259964430218,2.732249777355996,0.042578057369665065,-0.10254640785943933,-0.052537764093312976,0.6945527852795242,-0.7583516189632502,3.034278388360217
1.9701648790112758,-2.7262215853497143,-0.6678626000062351,2.73192366517649,0.04202296014627408,-0.10085734310419142,-0.051716154266520306,0.694821493688427,-0.7588723016609175,3.0356135320884863
1.9753495234297265,-2.7259560316982046,-0.6684988166140416,2.7315974754763603,0.04146378404319482,-0.09917044954341458,-0.05089412007524929,0.6950902169900169,-0.7593925934907038,3.036948546684433
1.9805341678481774,-2.72568971812857,-0.6691346475009443,2.731271208427228,0.04090053869959333,-0.09748571738516083,-0.050071662935247244,0.6953589532068052,-0.7599124938130255,3.038283431634971
1.985718812266628,-2.7254226458148803,-0.6697700938992766,2.730944864200096,0.04033323371363484,-0.09580313686073459,-0.04924878425561756,0.6956277003685742,-0.7604320019894214,3.0396181864275285
1.9909034566850787,-2.7251548159273247,-0.6704051570392131,2.7306184429653464,0.039761878642596456,-0.09412269822459488,-0.04842548543884521,0.6958964565123421,-0.7609511173825387,3.0409528105500865
1.9960881011035294,-2.7248862296322245,-0.6710398381487758,2.7302919448927474,0.03918648300297903,-0.09244439175425938,-0.047601767880823105,0.6961652196823318,-0.7614698393561216,3.042287303491161
2.0012727455219803,-2.7246168880920383,-0.6716741384538395,2.7299653701514544,0.038607056270618396,-0.09076820775020741,-0.04677763297087782,0.6964339879299408,-0.7619881672750013,3.043621664739811
2.0064573899404308,-2.7243467924653717,-0.6723080591781444,2.7296387189100124,0.0380236078807972,-0.08909413653578326,-0.04595308209179575,0.69670275931371,-0.762506100505084,3.044955893785644
2.0116420343588817,-2.724075943906985,-0.672941601543299,2.729311991336351,0.03743614722835465,-0.08742216845709957,-0.04512811661984751,0.6969715318992846,-0.7630236384133351,3.0462899901188254
2.0168266787773326,-2.7238043435678025,-0.6735747667687891,2.7289851875977975,0.03684468366779753,-0.08575229388294167,-0.04430273792481508,0.697240303759394,-0.7635407803677728,3.047623953230071
2.022011323195783,-2.7235319925949204,-0.6742075560719843,2.728658307861072,0.036249226513409644,-0.08408450320467092,-0.04347694737001603,0.6975090729738102,-0.7640575257374536,3.048957782610655
2.027195967614234,-2.723258892131614,-0.6748399706681494,2.72833135229229,0.035649785039361497,-0.08241878683612797,-0.04265074631232911,0.6977778376293227,-0.7645738738924623,3.050291477752419
2.0323806120326844,-2.7229850433173493,-0.6754720117704465,2.7280043210569636,0.035046368479819234,-0.08075513521353804,-0.04182413610221963,0.6980465958197047,-0.7650898242039007,3.051625038147772
2.0375652564511353,-2.722710447287786,-0.6761036805899459,2.727677214320006,0.034438986029053154,-0.07909353879541375,-0.04099711808376425,0.698315345645684,-0.7656053760438761,3.0529584632896882
2.042749900869586,-2.722435105174791,-0.6767349783356322,2.7273500322457362,0.03382764684154604,-0.07743398806246045,-0.04016969359467641,0.6985840852149112,-0.7661205287854902,3.0542917526717197
2.0479345452880366,-2.722159018106444,-0.677365906214413,2.7270227749978675,0.03321236003210105,-0.07577647351747972,-0.0393418639663303,0.6988528126419252,-0.7666352818028251,3.0556249057879996
2.0531191897064875,-2.7218821872070444,-0.6779964654311242,2.726695442739527,0.0325931346759486,-0.07412098568527403,-0.03851363052378649,0.6991215260481314,-0.7671496344709424,3.056957922133236
2.058303834124938,-2.7216046135971226,-0.6786266571885402,2.7263680356332465,0.03196997980885398,-0.07246751511255174,-0.03768499458581621,0.6993902235617615,-0.76766358616586,3.0582908012027277
2.063488478543389,-2.721326298393446,-0.6792564826873788,2.7260405538409613,0.031342904427223234,-0.07081605236783092,-0.036855957464925336,0.6996589033178466,-0.768177136264546,3.059623542492366
2.06867312296184,-2.7210472427090275,-0.6798859431263096,2.72571299752403,0.030711917488209874,-0.06916658804134508,-0.0360265204673803,0.6999275634581947,-0.7686902841449162,3.0609561454986247
2.0738577673802903,-2.7207674476531336,-0.680515039701962,2.7253853668432106,0.030077027909820052,-0.0675191127449476,-0.035196684893230426,0.7001962021313444,-0.7692030291858082,3.0622886097185833
2.079042411798741,-2.7204869143312935,-0.6811437736089326,2.7250576619586857,0.029438244571018207,-0.06587361711201635,-0.03436645203633377,0.700464817492552,-0.769715370766987,3.063620934649919
2.0842270562171916,-2.720205643845304,-0.6817721460397901,2.724729883030049,0.028795576311831633,-0.06423009179735992,-0.03353582318438031,0.7007334077037485,-0.7702273082691211,3.0649531197909115
2.0894117006356425,-2.719923637293242,-0.682400158185087,2.724402030216314,0.02814903193345516,-0.06258852747712157,-0.03270479961891618,0.7010019709335185,-0.7707388410737822,3.066285164640453
2.0945963450540934,-2.719640895769468,-0.6830278112333625,2.724074103675915,0.027498620198355053,-0.060948914848685656,-0.03187338261536769,0.7012705053570639,-0.7712499685634288,3.067617068698042
2.099780989472544,-2.719357420364638,-0.6836551063711547,2.7237461035667074,0.026844349830372868,-0.05931124463058267,-0.031041573443065018,0.7015390091561801,-0.7717606901214015,3.068948831463797
2.104965633890995,-2.719073212165707,-0.6842820447830016,2.7234180300459685,0.026186229514827936,-0.057675507562394646,-0.030209373365265507,0.7018074805192223,-0.7722710051319056,3.0702804524384564
2.1101502783094452,-2.718788272255941,-0.6849086276514553,2.7230898832704087,0.025524267898621097,-0.056041694404661356,-0.02937678363917832,0.7020759176410866,-0.772780912980017,3.07161193112337
2.115334922727896,-2.718502601714923,-0.6855348561570845,2.722761663396155,0.024858473590336248,-0.05440979593878554,-0.028543805515986228,0.7023443187231567,-0.7732904130516456,3.0729432670205297
2.120519567146347,-2.718216201618562,-0.6861607314784848,2.722433370578769,0.02418885516034283,-0.05277980296693957,-0.027710440240870573,0.7026126819733018,-0.7737995047335525,3.0742744596325515
2.1257042115647975,-2.7179290730390964,-0.6867862547922826,2.7221050049732445,0.023515421140896983,-0.05115170631197108,-0.02687668905303384,0.7028810056058369,-0.7743081874133285,3.07560550846268
2.1308888559832484,-2.7176412170451085,-0.6874114272731462,2.7217765667340053,0.02283818002624274,-0.04952549681730886,-0.02604255318572254,0.7031492878414889,-0.7748164604793816,3.0769364130148094
2.136073500401699,-2.7173526347015273,-0.6880362500937923,2.7214480560149124,0.02215714027271295,-0.04790116534686999,-0.02520803386625106,0.7034175269073762,-0.7753243233209376,3.078267172793461
2.1412581448201498,-2.7170633270696376,-0.6886607244249895,2.7211194729692583,0.02147231029882894,-0.04627870278496525,-0.024373132316023595,0.7036857210369749,-0.7758317753280186,3.0795977873038143
2.1464427892386007,-2.7167732952070893,-0.6892848514355715,2.720790817749778,0.020783698485401098,-0.044658100036206586,-0.023537849750558035,0.7039538684700938,-0.7763388158914456,3.080928256051692
2.151627433657051,-2.716482540167901,-0.6899086322924398,2.7204620905086445,0.02009131317562784,-0.04303934802541324,-0.02270218737950815,0.7042219674528454,-0.776845444402822,3.082258578543567
2.156812078075502,-2.716191063002473,-0.6905320681605741,2.7201332913974703,0.01939516267519457,-0.04142243769751823,-0.021866146406686115,0.704490016237613,-0.777351660254524,3.083588754286576
2.1619967224939525,-2.7158988647575897,-0.6911551602030355,2.719804420567316,0.01869525525237257,-0.03980736001747624,-0.021029728030085734,0.7047580130830328,-0.7778574628396997,3.084918782788509
2.1671813669124034,-2.715605946476431,-0.6917779095809791,2.719475478168678,0.01799159913811684,-0.038194105970169256,-0.020192933441903944,0.7050259562539529,-0.778362851552249,3.086248663557824
2.1723660113308543,-2.715312309198578,-0.6924003174536583,2.7191464643515104,0.01728420252616418,-0.03658266656031488,-0.019355763828564264,0.7052938440214215,-0.7788678257868281,3.087578396103647
2.1775506557493047,-2.71501795396002,-0.6930223849784304,2.718817379265208,0.016573073573130256,-0.03497303281237303,-0.018518220370738275,0.7055616746626437,-0.779372384938826,3.0889079799357746
2.1827353001677556,-2.714722881793165,-0.6936441133107673,2.7184882230586194,0.015858220398606498,-0.03336519577045294,-0.017680304243367927,0.7058294464609636,-0.7798765284043694,3.090237414564675
2.1879199445862065,-2.714427093726842,-0.694265503604261,2.7181589958800405,0.015139651085256861,-0.031759146498221355,-0.01684201661568785,0.7060971577058314,-0.7803802555803022,3.0915666995015063
2.193104589004657,-2.714130590786315,-0.6948865570106304,2.7178296978772236,0.014417373678913657,-0.030154876078809727,-0.0160033586512472,0.7063648066927808,-0.7808835658641881,3.0928958342580954
2.198289233423108,-2.7138333739932836,-0.6955072746797302,2.7175003291973763,0.013691396188673188,-0.028552375614721494,-0.0151643315079314,0.7066323917234014,-0.7813864586542959,3.094224818346969
2.2034738778415583,-2.7135354443658954,-0.696127657759556,2.7171708899871634,0.012961726586991245,-0.02695163622774084,-0.014324936337984272,0.7068999111053065,-0.781888933349592,3.0955536512813344
2.2086585222600092,-2.7132368029187504,-0.6967477073962536,2.716841380392704,0.012228372809777534,-0.0253526490588395,-0.013485174288029195,0.7071673631521124,-0.7823909893497333,3.096882332575101
2.21384316667846,-2.7129374506629116,-0.6973674247341239,2.7165118005595836,0.011491342756490476,-0.023755405268085776,-0.012645046499091294,0.7074347461834083,-0.7828926260550589,3.0982108617428685
2.2190278110969106,-2.712637388605908,-0.6979868109156332,2.716182150632844,0.010750644290230987,-0.02215989603455222,-0.011804554106618594,0.7077020585247313,-0.7833938428665826,3.0995392382999447
2.2242124555153615,-2.7123366177517454,-0.698605867081416,2.7158524307569922,0.010006285237835857,-0.02056611255622355,-0.01096369824050326,0.7079692985075359,-0.7838946391859822,3.100867461762345
2.229397099933812,-2.71203513910091,-0.6992245943702879,2.7155226410760016,0.009258273389971369,-0.01897404604990592,-0.010122480025103471,0.7082364644691742,-0.7843950144155951,3.102195531646785
2.234581744352263,-2.7117329536503814,-0.6998429939192463,2.715192781733312,0.008506616501225445,-0.01738368775113433,-0.009280900579263961,0.708503554752864,-0.7848949679584102,3.1035234474707014
2.2397663887707138,-2.711430062393634,-0.7004610668634841,2.7148628528718253,0.007751322290200504,-0.015795028914082205,-0.00843896101633766,0.7087705677076631,-0.785394499218056,3.1048512087522497
2.2449510331891642,-2.7111264663206462,-0.7010788143363907,2.714532854633926,0.006992398439605016,-0.014208060811469657,-0.0075966624442066555,0.7090375016884489,-0.7858936075987999,3.106178815010296
2.250135677607615,-2.710822166417909,-0.701696237469564,2.7142027871614567,0.006229852596344918,-0.012622774734471941,-0.006754005965302666,0.7093043550558836,-0.7863922925055342,3.107506265764446
2.2553203220260656,-2.710517163668431,-0.7023133373928152,2.7138726505957442,0.005463692371615023,-0.011039161992629318,-0.005910992676628641,0.7095711261763985,-0.7868905533437751,3.1088335605350217
2.2605049664445165,-2.710211459051746,-0.7029301152341757,2.713542445077581,0.004693925340989188,-0.009457213913755036,-0.00506762366977874,0.7098378134221557,-0.7873883895196448,3.1101606988430825
2.2656896108629674,-2.709905053543922,-0.7035465721199058,2.7132121707472425,0.003920559044510951,-0.007876921843845416,-0.004223900030959655,0.7101044151710345,-0.7878858004398777,3.1114876802104283
2.270874255281418,-2.7095979481175645,-0.7041627091745003,2.7128818277444786,0.003143600986783153,-0.0062982771469887455,-0.003379822841010869,0.7103709298066001,-0.7883827855118031,3.112814504159593
2.2760588996998687,-2.7092901437418266,-0.704778527520696,2.7125514162085205,0.002363058637057114,-0.004721271205274255,-0.002535393175424984,0.7106373557180793,-0.7888793441433428,3.114141170213859
2.281243544118319,-2.708981641382415,-0.7053940282794798,2.7122209362780785,0.001578939429322064,-0.003145895418702538,-0.001690612104368589,0.7109036913003325,-0.7893754757430013,3.115467677897256
2.28642818853677,-2.708672442001596,-0.7060092125700945,2.7118903880913505,0.0007912507623931403,-0.001572141205094098,-0.0008454806927020079,0.7111699349538365,-0.7898711797198634,3.116794026734559
2.291612832955221,-2.708362546558205,-0.7066240815100465,2.7115597717860136,0.0,0.0,0.0,0.7114360850846483,-0.7903664554835793,3.1181202162513135
