t,theta,phi
0.0010001659393310547,1.1102423351135742,-2.0201292709616463
0.002002716064453125,1.1102423351135742,-2.0201292709616463
0.0030028820037841797,1.1102423351135742,-2.0201292709616463
0.004118442535400391,1.1102423351135742,-2.0201292709616463
0.0051839351654052734,1.1102423351135742,-2.0201292709616463
0.0061757564544677734,1.1102423351135742,-2.0201292709616463
0.007131814956665039,1.1102423351135742,-2.0201292709616463
0.008131980895996094,1.1102423351135742,-2.0201292709616463
0.009132146835327148,1.1102423351135742,-2.0201292709616463
0.010144233703613281,1.1102423351135742,-2.0201292709616463
0.011143684387207031,1.1102423351135742,-2.0201292709616463
0.012144327163696289,1.1102423351135742,-2.0201292709616463
0.013144254684448242,1.1102423351135742,-2.0201292709616463
0.0141448974609375,1.1102423351135742,-2.0201292709616463
0.015145301818847656,1.1102423351135742,-2.0201292709616463
0.016289710998535156,1.1102423351135742,-2.0201292709616463
0.01738739013671875,1.1102423351135742,-2.0201292709616463
0.018494129180908203,1.1102423351135742,-2.0201292709616463
0.01949453353881836,1.1102423351135742,-2.0201292709616463
0.02049851417541504,1.1102423351135742,-2.0201292709616463
0.02239513397216797,1.1102423351135742,-2.0201292709616463
0.023440122604370117,1.1102423351135742,-2.0201292709616463
0.024438142776489258,1.1102423351135742,-2.0201292709616463
0.025602102279663086,1.1102423351135742,-2.0201292709616463
0.02660369873046875,1.1102423351135742,-2.0201292709616463
0.0276031494140625,1.1102423351135742,-2.0201292709616463
0.028601646423339844,1.1102423351135742,-2.0201292709616463
0.02960205078125,1.1102423351135742,-2.0201292709616463
0.030567169189453125,1.1102423351135742,-2.0201292709616463
0.03160548210144043,1.1102423351135742,-2.0201292709616463
0.03260183334350586,1.1102423351135742,-2.0201292709616463
0.03365921974182129,1.1102423351135742,-2.0201292709616463
0.034873008728027344,1.1102423351135742,-2.0201292709616463
0.035980224609375,1.1102423351135742,-2.0201292709616463
0.03697943687438965,1.1102423351135742,-2.0201292709616463
0.037929534912109375,1.1102423351135742,-2.0201292709616463
0.03918266296386719,1.1102423351135742,-2.0201292709616463
0.04029035568237305,1.1102423351135742,-2.0201292709616463
0.04128837585449219,1.1102423351135742,-2.0201292709616463
0.042289018630981445,1.1102423351135742,-2.0201292709616463
0.0432887077331543,1.1102423351135742,-2.0201292709616463
0.04430651664733887,1.1102423351135742,-2.0201292709616463
0.045420169830322266,1.1102423351135742,-2.0201292709616463
0.04642629623413086,1.1102423351135742,-2.0201292709616463
0.047235965728759766,1.1102423351135742,-2.0201292709616463
0.04823136329650879,1.1102423351135742,-2.0201292709616463
0.04923081398010254,1.1102423351135742,-2.0201292709616463
0.05022788047790527,1.1102423351135742,-2.0201292709616463
0.051229238510131836,1.1102423351135742,-2.0201292709616463
0.05219268798828125,1.1102423351135742,-2.0201292709616463
0.0531923770904541,1.1102423351135742,-2.0201292709616463
0.054228782653808594,1.1102423351135742,-2.0201292709616463
0.05539679527282715,1.1102423351135742,-2.0201292709616463
0.05665946006774902,1.1102423351135742,-2.0201292709616463
0.05793261528015137,1.1102423351135742,-2.0201292709616463
0.05906248092651367,1.1102423351135742,-2.0201292709616463
0.060167551040649414,1.1102423351135742,-2.0201292709616463
0.0611722469329834,1.1102423351135742,-2.0201292709616463
0.062174081802368164,1.1102423351135742,-2.0201292709616463
0.06317257881164551,1.1102423351135742,-2.0201292709616463
0.06465625762939453,1.1102423351135742,-2.0201292709616463
0.06757426261901855,1.1102423351135742,-2.0201292709616463
0.06858682632446289,1.1102423351135742,-2.0201292709616463
0.06960391998291016,1.1102423351135742,-2.0201292709616463
0.07060003280639648,1.1102423351135742,-2.0201292709616463
0.07160019874572754,1.1102423351135742,-2.0201292709616463
0.07257294654846191,1.1102423351135742,-2.0201292709616463
0.07360100746154785,1.1102423351135742,-2.0201292709616463
0.07460236549377441,1.1102423351135742,-2.0201292709616463
0.07560086250305176,1.1102423351135742,-2.0201292709616463
0.07660436630249023,1.1102423351135742,-2.0201292709616463
0.07760405540466309,1.1102423351135742,-2.0201292709616463
0.07860493659973145,1.1102423351135742,-2.0201292709616463
0.07960772514343262,1.1102423351135742,-2.0201292709616463
0.08056449890136719,1.1102423351135742,-2.0201292709616463
0.0815725326538086,1.1102423351135742,-2.0201292709616463
0.08257079124450684,1.1102423351135742,-2.0201292709616463
0.08357405662536621,1.1102423351135742,-2.0201292709616463
0.08457183837890625,1.1102423351135742,-2.0201292709616463
0.0855705738067627,1.1102423351135742,-2.0201292709616463
0.08657097816467285,1.1102423351135742,-2.0201292709616463
0.08757257461547852,1.1102423351135742,-2.0201292709616463
0.08857274055480957,1.1102423351135742,-2.0201292709616463
0.08957242965698242,1.1102423351135742,-2.0201292709616463
0.09057259559631348,1.1102423351135742,-2.0201292709616463
0.09160685539245605,1.1102423351135742,-2.0201292709616463
0.09260749816894531,1.1102423351135742,-2.0201292709616463
0.09360694885253906,1.1102423351135742,-2.0201292709616463
0.09460854530334473,1.1102423351135742,-2.0201292709616463
0.09560585021972656,1.1102423351135742,-2.0201292709616463
0.09660863876342773,1.1102423351135742,-2.0201292709616463
0.0976104736328125,1.1102423351135742,-2.0201292709616463
0.09860849380493164,1.1102423351135742,-2.0201292709616463
0.0996100902557373,1.1102423351135742,-2.0201292709616463
0.10061144828796387,1.1102423351135742,-2.0201292709616463
0.10160970687866211,1.1102423351135742,-2.0201292709616463
0.10260987281799316,1.1102423351135742,-2.0201292709616463
0.10360932350158691,1.1102423351135742,-2.0201292709616463
0.10461163520812988,1.1102423351135742,-2.0201292709616463
0.10560941696166992,1.1102423351135742,-2.0201292709616463
0.10660934448242188,1.1102423351135742,-2.0201292709616463
0.10760879516601562,1.1102423351135742,-2.0201292709616463
0.108612060546875,1.1102423351135742,-2.0201292709616463
0.10961341857910156,1.1102423351135742,-2.0201292709616463
0.11066174507141113,1.1102423351135742,-2.0201292709616463
0.1116635799407959,1.1102423351135742,-2.0201292709616463
0.11266255378723145,1.1102423351135742,-2.0201292709616463
0.1136622428894043,1.1102423351135742,-2.0201292709616463
0.11466264724731445,1.1102423351135742,-2.0201292709616463
0.11567258834838867,1.1102423351135742,-2.0201292709616463
0.11666584014892578,1.1102423351135742,-2.0201292709616463
0.11766529083251953,1.1102423351135742,-2.0201292709616463
0.11866354942321777,1.1102423351135742,-2.0201292709616463
0.11966347694396973,1.1102423351135742,-2.0201292709616463
0.12066411972045898,1.1102423351135742,-2.0201292709616463
0.12166237831115723,1.1102423351135742,-2.0201292709616463
0.1226649284362793,1.1102423351135742,-2.0201292709616463
0.12366271018981934,1.1102423351135742,-2.0201292709616463
0.1246647834777832,1.1102423351135742,-2.0201292709616463
0.12583327293395996,1.1102423351135742,-2.0201292709616463
0.12683582305908203,1.1102423351135742,-2.0201292709616463
0.14183926582336426,1.1102423351135742,-2.0201292709616463
0.14283370971679688,1.1102423351135742,-2.0201292709616463
0.14383387565612793,1.1102423351135742,-2.0201292709616463
0.14480185508728027,1.1102423351135742,-2.0201292709616463
0.14583468437194824,1.1102423351135742,-2.0201292709616463
0.1468343734741211,1.1102423351135742,-2.0201292709616463
0.14783167839050293,1.1102423351135742,-2.0201292709616463
0.148834228515625,1.1102423351135742,-2.0201292709616463
0.14983463287353516,1.1102423351135742,-2.0201292709616463
0.1508336067199707,1.1102423351135742,-2.0201292709616463
0.15183424949645996,1.1102423351135742,-2.0201292709616463
0.15283703804016113,1.1102423351135742,-2.0201292709616463
0.15383458137512207,1.1102423351135742,-2.0201292709616463
0.1548314094543457,1.1102423351135742,-2.0201292709616463
0.15583443641662598,1.1102423351135742,-2.0201292709616463
0.15683674812316895,1.1102423351135742,-2.0201292709616463
0.15784072875976562,1.1102423351135742,-2.0201292709616463
0.1587996482849121,1.1102423351135742,-2.0201292709616463
0.1597893238067627,1.1102423351135742,-2.0201292709616463
0.16078829765319824,1.1102423351135742,-2.0201292709616463
0.1618354320526123,1.1102423351135742,-2.0201292709616463
0.16283559799194336,1.1102423351135742,-2.0201292709616463
0.16383743286132812,1.1102423351135742,-2.0201292709616463
0.16483473777770996,1.1102423351135742,-2.0201292709616463
0.1658339500427246,1.1102423351135742,-2.0201292709616463
0.16683506965637207,1.1102423351135742,-2.0201292709616463
0.16783499717712402,1.1102423351135742,-2.0201292709616463
0.1688375473022461,1.1102423351135742,-2.0201292709616463
0.16983485221862793,1.1102423351135742,-2.0201292709616463
0.17083168029785156,1.1102423351135742,-2.0201292709616463
0.17183446884155273,1.1102423351135742,-2.0201292709616463
0.1728360652923584,1.1102423351135742,-2.0201292709616463
0.17379975318908691,1.1102423351135742,-2.0201292709616463
0.1748356819152832,1.1102423351135742,-2.0201292709616463
0.17583441734313965,1.1102423351135742,-2.0201292709616463
0.1768341064453125,1.1102423351135742,-2.0201292709616463
0.17783522605895996,1.1102423351135742,-2.0201292709616463
0.17883539199829102,1.1102423351135742,-2.0201292709616463
0.17983746528625488,1.1102423351135742,-2.0201292709616463
0.18083524703979492,1.1102423351135742,-2.0201292709616463
0.18183588981628418,1.1102423351135742,-2.0201292709616463
0.18283486366271973,1.1102423351135742,-2.0201292709616463
0.18383479118347168,1.1102423351135742,-2.0201292709616463
0.18483734130859375,1.1102423351135742,-2.0201292709616463
0.18584132194519043,1.1102423351135742,-2.0201292709616463
0.18683314323425293,1.1102423351135742,-2.0201292709616463
0.1878349781036377,1.1102423351135742,-2.0201292709616463
0.18883705139160156,1.1102423351135742,-2.0201292709616463
0.18983936309814453,1.1102423351135742,-2.0201292709616463
0.19083523750305176,1.1102423351135742,-2.0201292709616463
0.1918349266052246,1.1102423351135742,-2.0201292709616463
0.19283485412597656,1.1102423351135742,-2.0201292709616463
0.19383525848388672,1.1102423351135742,-2.0201292709616463
0.19483566284179688,1.1102423351135742,-2.0201292709616463
0.19584083557128906,1.1102423351135742,-2.0201292709616463
0.19683480262756348,1.1102423351135742,-2.0201292709616463
0.19783973693847656,1.1102423351135742,-2.0201292709616463
0.19883489608764648,1.1102423351135742,-2.0201292709616463
0.19983506202697754,1.1102423351135742,-2.0201292709616463
0.2008380889892578,1.1102423351135742,-2.0201292709616463
0.20183563232421875,1.1102423351135742,-2.0201292709616463
0.20283246040344238,1.1102423351135742,-2.0201292709616463
0.20383501052856445,1.1102423351135742,-2.0201292709616463
0.20483732223510742,1.1102423351135742,-2.0201292709616463
0.2057938575744629,1.1102423351135742,-2.0201292709616463
0.2068345546722412,1.1102423351135742,-2.0201292709616463
0.20783495903015137,1.1102423351135742,-2.0201292709616463
0.20883464813232422,1.1102423351135742,-2.0201292709616463
0.20983552932739258,1.1102423351135742,-2.0201292709616463
0.21088838577270508,1.1102423351135742,-2.0201292709616463
0.21189045906066895,1.1102423351135742,-2.0201292709616463
0.2128891944885254,1.1102423351135742,-2.0201292709616463
0.21388959884643555,1.1102423351135742,-2.0201292709616463
0.2148892879486084,1.1102423351135742,-2.0201292709616463
0.21589183807373047,1.1102423351135742,-2.0201292709616463
0.2168896198272705,1.1102423351135742,-2.0201292709616463
0.21789312362670898,1.1102423351135742,-2.0201292709616463
0.2188892364501953,1.1102423351135742,-2.0201292709616463
0.21988916397094727,1.1102423351135742,-2.0201292709616463
0.22089171409606934,1.1102423351135742,-2.0201292709616463
0.22188901901245117,1.1102423351135742,-2.0201292709616463
0.222886323928833,1.1102423351135742,-2.0201292709616463
0.22388958930969238,1.1102423351135742,-2.0201292709616463
0.22489476203918457,1.1102423351135742,-2.0201292709616463
0.22547006607055664,1.1102423351135742,-2.0201292709616463
0.22652363777160645,1.1102423351135742,-2.0201292709616463
0.2275240421295166,1.1102423351135742,-2.0201292709616463
0.22852396965026855,1.1102423351135742,-2.0201292709616463
0.2295236587524414,1.1102423351135742,-2.0201292709616463
0.23052167892456055,1.1102423351135742,-2.0201292709616463
0.2315232753753662,1.1102423351135742,-2.0201292709616463
0.23252344131469727,1.1102423351135742,-2.0201292709616463
0.23352479934692383,1.1102423351135742,-2.0201292709616463
0.23452353477478027,1.1102423351135742,-2.0201292709616463
0.23552608489990234,1.1102423351135742,-2.0201292709616463
0.23652386665344238,1.1102423351135742,-2.0201292709616463
0.23752093315124512,1.1102423351135742,-2.0201292709616463
0.2385251522064209,1.1102423351135742,-2.0201292709616463
0.23952555656433105,1.1102423351135742,-2.0201292709616463
0.2405238151550293,1.1102423351135742,-2.0201292709616463
0.24152350425720215,1.1102423351135742,-2.0201292709616463
0.2425236701965332,1.1102423351135742,-2.0201292709616463
0.24352455139160156,1.1102423351135742,-2.0201292709616463
0.2445240020751953,1.1102423351135742,-2.0201292709616463
0.24552464485168457,1.1102423351135742,-2.0201292709616463
0.24652576446533203,1.1102423351135742,-2.0201292709616463
0.24752473831176758,1.1102423351135742,-2.0201292709616463
0.24852323532104492,1.1102423351135742,-2.0201292709616463
0.24952363967895508,1.1102423351135742,-2.0201292709616463
0.25052428245544434,1.1102423351135742,-2.0201292709616463
0.2515254020690918,1.1102423351135742,-2.0201292709616463
0.25252318382263184,1.1102423351135742,-2.0201292709616463
0.2535219192504883,1.1102423351135742,-2.0201292709616463
0.25452351570129395,1.1102423351135742,-2.0201292709616463
0.2555258274078369,1.1102423351135742,-2.0201292709616463
0.25652599334716797,1.1102423351135742,-2.0201292709616463
0.2575240135192871,1.1102423351135742,-2.0201292709616463
0.25852417945861816,1.1102423351135742,-2.0201292709616463
0.25954270362854004,1.1102423351135742,-2.0201292709616463
0.2605249881744385,1.1102423351135742,-2.0201292709616463
0.2615237236022949,1.1102423351135742,-2.0201292709616463
0.2625260353088379,1.1102423351135742,-2.0201292709616463
0.26352405548095703,1.1102423351135742,-2.0201292709616463
0.2645275592803955,1.1102423351135742,-2.0201292709616463
0.26552271842956543,1.1102423351135742,-2.0201292709616463
0.2665228843688965,1.1102423351135742,-2.0201292709616463
0.26747751235961914,1.1102423351135742,-2.0201292709616463
0.2685220241546631,1.1102423351135742,-2.0201292709616463
0.2695186138153076,1.1102423351135742,-2.0201292709616463
0.2704904079437256,1.1102423351135742,-2.0201292709616463
0.27152323722839355,1.1102423351135742,-2.0201292709616463
0.2725200653076172,1.1102423351135742,-2.0201292709616463
0.27352094650268555,1.1102423351135742,-2.0201292709616463
0.2745201587677002,1.1102423351135742,-2.0201292709616463
0.27552008628845215,1.1102423351135742,-2.0201292709616463
0.2765200138092041,1.1102423351135742,-2.0201292709616463
0.27751970291137695,1.1102423351135742,-2.0201292709616463
0.2785224914550781,1.1102423351135742,-2.0201292709616463
0.27951955795288086,1.1102423351135742,-2.0201292709616463
0.2805197238922119,1.1102423351135742,-2.0201292709616463
0.2815225124359131,1.1102423351135742,-2.0201292709616463
0.282520055770874,1.1102423351135742,-2.0201292709616463
0.28348588943481445,1.1102423351135742,-2.0201292709616463
0.28451991081237793,1.1102423351135742,-2.0201292709616463
0.28548574447631836,1.1102423351135742,-2.0201292709616463
0.28652000427246094,1.1102423351135742,-2.0201292709616463
0.28748106956481934,1.1102423351135742,-2.0201292709616463
0.28852152824401855,1.1102423351135742,-2.0201292709616463
0.28948497772216797,1.1102423351135742,-2.0201292709616463
0.2904829978942871,1.1102423351135742,-2.0201292709616463
0.29148411750793457,1.1102423351135742,-2.0201292709616463
0.2924845218658447,1.1102423351135742,-2.0201292709616463
0.2934839725494385,1.1102423351135742,-2.0201292709616463
0.29448390007019043,1.1102423351135742,-2.0201292709616463
0.2955186367034912,1.1102423351135742,-2.0201292709616463
0.29651856422424316,1.1102423351135742,-2.0201292709616463
0.2975196838378906,1.1102423351135742,-2.0201292709616463
0.2985208034515381,1.1102423351135742,-2.0201292709616463
0.29952287673950195,1.1102423351135742,-2.0201292709616463
0.3005208969116211,1.1102423351135742,-2.0201292709616463
0.3015255928039551,1.1102423351135742,-2.0201292709616463
0.3025219440460205,1.1102423351135742,-2.0201292709616463
0.30352210998535156,1.1102423351135742,-2.0201292709616463
0.3045198917388916,1.1102423351135742,-2.0201292709616463
0.30551958084106445,1.1102423351135742,-2.0201292709616463
0.3065195083618164,1.1102423351135742,-2.0201292709616463
0.30751967430114746,1.1102423351135742,-2.0201292709616463
0.308521032333374,1.1102423351135742,-2.0201292709616463
0.30951929092407227,1.1102423351135742,-2.0201292709616463
0.31056785583496094,1.1102423351135742,-2.0201292709616463
0.3115675449371338,1.1102423351135742,-2.0201292709616463
0.31257033348083496,1.1102423351135742,-2.0201292709616463
0.3135678768157959,1.1102423351135742,-2.0201292709616463
0.31456780433654785,1.1102423351135742,-2.0201292709616463
0.3155696392059326,1.1102423351135742,-2.0201292709616463
0.3165700435638428,1.1102423351135742,-2.0201292709616463
0.3175699710845947,1.1102423351135742,-2.0201292709616463
0.3185746669769287,1.1102423351135742,-2.0201292709616463
0.31956982612609863,1.1102423351135742,-2.0201292709616463
0.3205687999725342,1.1102423351135742,-2.0201292709616463
0.32157063484191895,1.1102423351135742,-2.0201292709616463
0.3225679397583008,1.1102423351135742,-2.0201292709616463
0.32356810569763184,1.1102423351135742,-2.0201292709616463
0.3251168727874756,1.1102423351135742,-2.0201292709616463
0.32616734504699707,1.1102423351135742,-2.0201292709616463
0.32717013359069824,1.1102423351135742,-2.0201292709616463
0.3281674385070801,1.1102423351135742,-2.0201292709616463
0.3291647434234619,1.1102423351135742,-2.0201292709616463
0.345167875289917,1.1102423351135742,-2.0201292709616463
0.3461744785308838,1.1102423351135742,-2.0201292709616463
0.3472254276275635,1.1102423351135742,-2.0201292709616463
0.3481903076171875,1.1102423351135742,-2.0201292709616463
0.3493683338165283,1.1102423351135742,-2.0201292709616463
0.3502492904663086,1.1102423351135742,-2.0201292709616463
0.35120534896850586,1.1102423351135742,-2.0201292709616463
0.35237550735473633,1.1102423351135742,-2.0201292709616463
0.3533756732940674,1.1102423351135742,-2.0201292709616463
0.35437607765197754,1.1102423351135742,-2.0201292709616463
0.3552393913269043,1.1102423351135742,-2.0201292709616463
0.35623598098754883,1.1102423351135742,-2.0201292709616463
0.35720229148864746,1.1102423351135742,-2.0201292709616463
0.35872912406921387,1.1102423351135742,-2.0201292709616463
0.35973072052001953,1.1102423351135742,-2.0201292709616463
0.3607301712036133,1.1102423351135742,-2.0201292709616463
0.36173057556152344,1.1102423351135742,-2.0201292709616463
0.3627297878265381,1.1102423351135742,-2.0201292709616463
0.36372947692871094,1.1102423351135742,-2.0201292709616463
0.3647325038909912,1.1102423351135742,-2.0201292709616463
0.36573123931884766,1.1102423351135742,-2.0201292709616463
0.3667299747467041,1.1102423351135742,-2.0201292709616463
0.36772990226745605,1.1102423351135742,-2.0201292709616463
0.368729829788208,1.1102423351135742,-2.0201292709616463
0.3697671890258789,1.1102423351135742,-2.0201292709616463
0.37076592445373535,1.1102423351135742,-2.0201292709616463
0.3717682361602783,1.1102423351135742,-2.0201292709616463
0.3727707862854004,1.1102423351135742,-2.0201292709616463
0.3737678527832031,1.1102423351135742,-2.0201292709616463
0.3747694492340088,1.1102423351135742,-2.0201292709616463
0.37576961517333984,1.1102423351135742,-2.0201292709616463
0.3767683506011963,1.1102423351135742,-2.0201292709616463
0.37776994705200195,1.1102423351135742,-2.0201292709616463
0.3787682056427002,1.1102423351135742,-2.0201292709616463
0.3797719478607178,1.1102423351135742,-2.0201292709616463
0.3807690143585205,1.1102423351135742,-2.0201292709616463
0.38176846504211426,1.1102423351135742,-2.0201292709616463
0.3827681541442871,1.1102423351135742,-2.0201292709616463
0.3837714195251465,1.1102423351135742,-2.0201292709616463
0.3847496509552002,1.1102423351135742,-2.0201292709616463
0.3857688903808594,1.1102423351135742,-2.0201292709616463
0.3867664337158203,1.1102423351135742,-2.0201292709616463
0.3877699375152588,1.1102423351135742,-2.0201292709616463
0.38877201080322266,1.1102423351135742,-2.0201292709616463
0.3897244930267334,1.1102423351135742,-2.0201292709616463
0.39076900482177734,1.1102423351135742,-2.0201292709616463
0.39174795150756836,1.1102423351135742,-2.0201292709616463
0.3927345275878906,1.1102423351135742,-2.0201292709616463
0.3937702178955078,1.1102423351135742,-2.0201292709616463
0.39476919174194336,1.1102423351135742,-2.0201292709616463
0.3957712650299072,1.1102423351135742,-2.0201292709616463
0.3967704772949219,1.1102423351135742,-2.0201292709616463
0.39777040481567383,1.1102423351135742,-2.0201292709616463
0.3987393379211426,1.1102423351135742,-2.0201292709616463
0.39977121353149414,1.1102423351135742,-2.0201292709616463
0.4007737636566162,1.1102423351135742,-2.0201292709616463
0.40177011489868164,1.1102423351135742,-2.0201292709616463
0.4027676582336426,1.1102423351135742,-2.0201292709616463
0.40376973152160645,1.1102423351135742,-2.0201292709616463
0.4047372341156006,1.1102423351135742,-2.0201292709616463
0.40577149391174316,1.1102423351135742,-2.0201292709616463
0.4067704677581787,1.1102423351135742,-2.0201292709616463
0.40777087211608887,1.1102423351135742,-2.0201292709616463
0.40877413749694824,1.1102423351135742,-2.0201292709616463
0.4097709655761719,1.1102423351135742,-2.0201292709616463
0.41082310676574707,1.1102423351135742,-2.0201292709616463
0.41182470321655273,1.1102423351135742,-2.0201292709616463
0.41278934478759766,1.1102423351135742,-2.0201292709616463
0.41382527351379395,1.1102423351135742,-2.0201292709616463
0.4148237705230713,1.1102423351135742,-2.0201292709616463
0.41582560539245605,1.1102423351135742,-2.0201292709616463
0.41678833961486816,1.1102423351135742,-2.0201292709616463
0.417830228805542,1.1102423351135742,-2.0201292709616463
0.4188237190246582,1.1102423351135742,-2.0201292709616463
0.4197885990142822,1.1102423351135742,-2.0201292709616463
0.42082762718200684,1.1102423351135742,-2.0201292709616463
0.42182254791259766,1.1102423351135742,-2.0201292709616463
0.4228193759918213,1.1102423351135742,-2.0201292709616463
0.42382192611694336,1.1102423351135742,-2.0201292709616463
0.425372838973999,1.1102423351135742,-2.0201292709616463
0.4264237880706787,1.1102423351135742,-2.0201292709616463
0.42742919921875,1.1102423351135742,-2.0201292709616463
0.4284234046936035,1.1102423351135742,-2.0201292709616463
0.42942380905151367,1.1102423351135742,-2.0201292709616463
0.4304378032684326,1.1102423351135742,-2.0201292709616463
0.43142247200012207,1.1102423351135742,-2.0201292709616463
0.43242311477661133,1.1102423351135742,-2.0201292709616463
0.4333927631378174,1.1102423351135742,-2.0201292709616463
0.43442440032958984,1.1102423351135742,-2.0201292709616463
0.4354219436645508,1.1102423351135742,-2.0201292709616463
0.43642187118530273,1.1102423351135742,-2.0201292709616463
0.4374222755432129,1.1102423351135742,-2.0201292709616463
0.43842124938964844,1.1102423351135742,-2.0201292709616463
0.4393899440765381,1.1102423351135742,-2.0201292709616463
0.44038963317871094,1.1102423351135742,-2.0201292709616463
0.441425085067749,1.1102423351135742,-2.0201292709616463
0.44243311882019043,1.1102423351135742,-2.0201292709616463
0.4434244632720947,1.1102423351135742,-2.0201292709616463
0.4443821907043457,1.1102423351135742,-2.0201292709616463
0.4454360008239746,1.1102423351135742,-2.0201292709616463
0.4463810920715332,1.1102423351135742,-2.0201292709616463
0.4473896026611328,1.1102423351135742,-2.0201292709616463
0.44843602180480957,1.1102423351135742,-2.0201292709616463
0.44942283630371094,1.1102423351135742,-2.0201292709616463
0.4504244327545166,1.1102423351135742,-2.0201292709616463
0.45261049270629883,1.1102423351135742,-2.0201292709616463
0.45342445373535156,1.1102423351135742,-2.0201292709616463
0.4543900489807129,1.1102423351135742,-2.0201292709616463
0.4553797245025635,1.1102423351135742,-2.0201292709616463
0.4564213752746582,1.1102423351135742,-2.0201292709616463
0.45742011070251465,1.1102423351135742,-2.0201292709616463
0.45838022232055664,1.1102423351135742,-2.0201292709616463
0.4593784809112549,1.1102423351135742,-2.0201292709616463
0.46042609214782715,1.1102423351135742,-2.0201292709616463
0.46138525009155273,1.1102423351135742,-2.0201292709616463
0.4624214172363281,1.1102423351135742,-2.0201292709616463
0.4634218215942383,1.1102423351135742,-2.0201292709616463
0.46442699432373047,1.1102423351135742,-2.0201292709616463
0.4653947353363037,1.1102423351135742,-2.0201292709616463
0.4664022922515869,1.1102423351135742,-2.0201292709616463
0.4673919677734375,1.1102423351135742,-2.0201292709616463
0.4685947895050049,1.1102423351135742,-2.0201292709616463
0.4694657325744629,1.1102423351135742,-2.0201292709616463
0.47042250633239746,1.1102423351135742,-2.0201292709616463
0.47137951850891113,1.1102423351135742,-2.0201292709616463
0.4723813533782959,1.1102423351135742,-2.0201292709616463
0.47342824935913086,1.1102423351135742,-2.0201292709616463
0.4744226932525635,1.1102423351135742,-2.0201292709616463
0.4753890037536621,1.1102423351135742,-2.0201292709616463
0.476423978805542,1.1102423351135742,-2.0201292709616463
0.4774305820465088,1.1102423351135742,-2.0201292709616463
0.4783895015716553,1.1102423351135742,-2.0201292709616463
0.4793822765350342,1.1102423351135742,-2.0201292709616463
0.4803779125213623,1.1102423351135742,-2.0201292709616463
0.48137927055358887,1.1102423351135742,-2.0201292709616463
0.48238110542297363,1.1102423351135742,-2.0201292709616463
0.48337817192077637,1.1102423351135742,-2.0201292709616463
0.4843776226043701,1.1102423351135742,-2.0201292709616463
0.485384464263916,1.1102423351135742,-2.0201292709616463
0.48637938499450684,1.1102423351135742,-2.0201292709616463
0.4874265193939209,1.1102423351135742,-2.0201292709616463
0.488422155380249,1.1102423351135742,-2.0201292709616463
0.48942136764526367,1.1102423351135742,-2.0201292709616463
0.490389347076416,1.1102423351135742,-2.0201292709616463
0.4914524555206299,1.1102423351135742,-2.0201292709616463
0.49242401123046875,1.1102423351135742,-2.0201292709616463
0.4933931827545166,1.1102423351135742,-2.0201292709616463
0.49443912506103516,1.1102423351135742,-2.0201292709616463
0.4954237937927246,1.1102423351135742,-2.0201292709616463
0.4963948726654053,1.1102423351135742,-2.0201292709616463
0.49739503860473633,1.1102423351135742,-2.0201292709616463
0.4984161853790283,1.1102423351135742,-2.0201292709616463
0.49941086769104004,1.1102423351135742,-2.0201292709616463
0.5003948211669922,1.1102423351135742,-2.0201292709616463
0.501394510269165,1.1102423351135742,-2.0201292709616463
0.5023946762084961,1.1102423351135742,-2.0201292709616463
0.5033957958221436,1.1102423351135742,-2.0201292709616463
0.5043959617614746,1.1102423351135742,-2.0201292709616463
0.5053949356079102,1.1102423351135742,-2.0201292709616463
0.5064253807067871,1.1102423351135742,-2.0201292709616463
0.5074295997619629,1.1102423351135742,-2.0201292709616463
0.5084290504455566,1.1102423351135742,-2.0201292709616463
0.5094256401062012,1.1102423351135742,-2.0201292709616463
0.5104267597198486,1.1102423351135742,-2.0201292709616463
0.5114812850952148,1.1102423351135742,-2.0201292709616463
0.5124802589416504,1.1102423351135742,-2.0201292709616463
0.5134797096252441,1.1102423351135742,-2.0201292709616463
0.5144791603088379,1.1102423351135742,-2.0201292709616463
0.51548171043396,1.1102423351135742,-2.0201292709616463
0.5164859294891357,1.1102423351135742,-2.0201292709616463
0.5174508094787598,1.1102423351135742,-2.0201292709616463
0.5184814929962158,1.1102423351135742,-2.0201292709616463
0.5194790363311768,1.1102423351135742,-2.0201292709616463
0.5204806327819824,1.1102423351135742,-2.0201292709616463
0.5214798450469971,1.1102423351135742,-2.0201292709616463
0.5224831104278564,1.1102423351135742,-2.0201292709616463
0.523482084274292,1.1102423351135742,-2.0201292709616463
0.5244512557983398,1.1102423351135742,-2.0201292709616463
0.5254778861999512,1.1102423351135742,-2.0201292709616463
0.5260355472564697,1.1102423351135742,-2.0201292709616463
0.5270886421203613,1.1102423351135742,-2.0201292709616463
0.528090238571167,1.1102423351135742,-2.0201292709616463
0.529090404510498,1.1102423351135742,-2.0201292709616463
0.5300867557525635,1.1102423351135742,-2.0201292709616463
0.531090259552002,1.1102423351135742,-2.0201292709616463
0.5320916175842285,1.1102423351135742,-2.0201292709616463
0.5330884456634521,1.1102423351135742,-2.0201292709616463
0.5480971336364746,1.1102423351135742,-2.0201292709616463
0.5490593910217285,1.1102423351135742,-2.0201292709616463
0.5500903129577637,1.1102423351135742,-2.0201292709616463
0.5510907173156738,1.1102423351135742,-2.0201292709616463
0.5520906448364258,1.1102423351135742,-2.0201292709616463
0.5530962944030762,1.1102423351135742,-2.0201292709616463
0.5540890693664551,1.1102423351135742,-2.0201292709616463
0.5550873279571533,1.1102423351135742,-2.0201292709616463
0.5560894012451172,1.1102423351135742,-2.0201292709616463
0.5570921897888184,1.1102423351135742,-2.0201292709616463
0.5580902099609375,1.1102423351135742,-2.0201292709616463
0.5590908527374268,1.1102423351135742,-2.0201292709616463
0.5600919723510742,1.1102423351135742,-2.0201292709616463
0.561044454574585,1.1102423351135742,-2.0201292709616463
0.5620431900024414,1.1102423351135742,-2.0201292709616463
0.5630900859832764,1.1102423351135742,-2.0201292709616463
0.5640928745269775,1.1102423351135742,-2.0201292709616463
0.5650937557220459,1.1102423351135742,-2.0201292709616463
0.5660545825958252,1.1102423351135742,-2.0201292709616463
0.5670909881591797,1.1102423351135742,-2.0201292709616463
0.568091630935669,1.1102423351135742,-2.0201292709616463
0.5690946578979492,1.1102423351135742,-2.0201292709616463
0.5700900554656982,1.1102423351135742,-2.0201292709616463
0.5710873603820801,1.1102423351135742,-2.0201292709616463
0.5721032619476318,1.1102423351135742,-2.0201292709616463
0.5730545520782471,1.1102423351135742,-2.0201292709616463
0.5740904808044434,1.1102423351135742,-2.0201292709616463
0.5750899314880371,1.1102423351135742,-2.0201292709616463
0.576092004776001,1.1102423351135742,-2.0201292709616463
0.5770547389984131,1.1102423351135742,-2.0201292709616463
0.578087329864502,1.1102423351135742,-2.0201292709616463
0.5790905952453613,1.1102423351135742,-2.0201292709616463
0.5800938606262207,1.1102423351135742,-2.0201292709616463
0.5810902118682861,1.1102423351135742,-2.0201292709616463
0.582089900970459,1.1102423351135742,-2.0201292709616463
0.5830903053283691,1.1102423351135742,-2.0201292709616463
0.5840904712677002,1.1102423351135742,-2.0201292709616463
0.5850944519042969,1.1102423351135742,-2.0201292709616463
0.5860903263092041,1.1102423351135742,-2.0201292709616463
0.5870876312255859,1.1102423351135742,-2.0201292709616463
0.5880906581878662,1.1102423351135742,-2.0201292709616463
0.5890932083129883,1.1102423351135742,-2.0201292709616463
0.590090274810791,1.1102423351135742,-2.0201292709616463
0.5910909175872803,1.1102423351135742,-2.0201292709616463
0.5920929908752441,1.1102423351135742,-2.0201292709616463
0.593092679977417,1.1102423351135742,-2.0201292709616463
0.5940871238708496,1.1102423351135742,-2.0201292709616463
0.595090389251709,1.1102423351135742,-2.0201292709616463
0.596092939376831,1.1102423351135742,-2.0201292709616463
0.5970907211303711,1.1102423351135742,-2.0201292709616463
0.5980911254882812,1.1102423351135742,-2.0201292709616463
0.5990920066833496,1.1102423351135742,-2.0201292709616463
0.6000547409057617,1.1102423351135742,-2.0201292709616463
0.6010894775390625,1.1102423351135742,-2.0201292709616463
0.6020901203155518,1.1102423351135742,-2.0201292709616463
0.6030876636505127,1.1102423351135742,-2.0201292709616463
0.6040902137756348,1.1102423351135742,-2.0201292709616463
0.6050925254821777,1.1102423351135742,-2.0201292709616463
0.6060898303985596,1.1102423351135742,-2.0201292709616463
0.6070554256439209,1.1102423351135742,-2.0201292709616463
0.6080930233001709,1.1102423351135742,-2.0201292709616463
0.6091034412384033,1.1102423351135742,-2.0201292709616463
0.6100924015045166,1.1102423351135742,-2.0201292709616463
0.6111464500427246,1.1102423351135742,-2.0201292709616463
0.6121468544006348,1.1102423351135742,-2.0201292709616463
0.6131563186645508,1.1102423351135742,-2.0201292709616463
0.6141200065612793,1.1102423351135742,-2.0201292709616463
0.6151473522186279,1.1102423351135742,-2.0201292709616463
0.6161439418792725,1.1102423351135742,-2.0201292709616463
0.6171464920043945,1.1102423351135742,-2.0201292709616463
0.6181507110595703,1.1102423351135742,-2.0201292709616463
0.619147539138794,1.1102423351135742,-2.0201292709616463
0.6201467514038086,1.1102423351135742,-2.0201292709616463
0.6211156845092773,1.1102423351135742,-2.0201292709616463
0.6221466064453125,1.1102423351135742,-2.0201292709616463
0.6231532096862793,1.1102423351135742,-2.0201292709616463
0.6241471767425537,1.1102423351135742,-2.0201292709616463
0.6257028579711914,1.1102423351135742,-2.0201292709616463
0.6267585754394531,1.1102423351135742,-2.0201292709616463
0.6277146339416504,1.1102423351135742,-2.0201292709616463
0.6287579536437988,1.1102423351135742,-2.0201292709616463
0.629755973815918,1.1102423351135742,-2.0201292709616463
0.630765438079834,1.1102423351135742,-2.0201292709616463
0.6317605972290039,1.1102423351135742,-2.0201292709616463
0.632758617401123,1.1102423351135742,-2.0201292709616463
0.6337583065032959,1.1102423351135742,-2.0201292709616463
0.6347136497497559,1.1102423351135742,-2.0201292709616463
0.6357591152191162,1.1102423351135742,-2.0201292709616463
0.63675856590271,1.1102423351135742,-2.0201292709616463
0.6377582550048828,1.1102423351135742,-2.0201292709616463
0.6387608051300049,1.1102423351135742,-2.0201292709616463
0.639758825302124,1.1102423351135742,-2.0201292709616463
0.6407585144042969,1.1102423351135742,-2.0201292709616463
0.6417591571807861,1.1102423351135742,-2.0201292709616463
0.6427230834960938,1.1102423351135742,-2.0201292709616463
0.643761157989502,1.1102423351135742,-2.0201292709616463
0.6447582244873047,1.1102423351135742,-2.0201292709616463
0.6457662582397461,1.1102423351135742,-2.0201292709616463
0.6467583179473877,1.1102423351135742,-2.0201292709616463
0.6477603912353516,1.1102423351135742,-2.0201292709616463
0.6487603187561035,1.1102423351135742,-2.0201292709616463
0.6497583389282227,1.1102423351135742,-2.0201292709616463
0.6507585048675537,1.1102423351135742,-2.0201292709616463
0.6517584323883057,1.1102423351135742,-2.0201292709616463
0.6527588367462158,1.1102423351135742,-2.0201292709616463
0.6537585258483887,1.1102423351135742,-2.0201292709616463
0.6547608375549316,1.1102423351135742,-2.0201292709616463
0.6557278633117676,1.1102423351135742,-2.0201292709616463
0.6567585468292236,1.1102423351135742,-2.0201292709616463
0.6577591896057129,1.1102423351135742,-2.0201292709616463
0.6587586402893066,1.1102423351135742,-2.0201292709616463
0.6597611904144287,1.1102423351135742,-2.0201292709616463
0.6607582569122314,1.1102423351135742,-2.0201292709616463
0.6617562770843506,1.1102423351135742,-2.0201292709616463
0.6627275943756104,1.1102423351135742,-2.0201292709616463
0.6637606620788574,1.1102423351135742,-2.0201292709616463
0.6647582054138184,1.1102423351135742,-2.0201292709616463
0.6657578945159912,1.1102423351135742,-2.0201292709616463
0.6667590141296387,1.1102423351135742,-2.0201292709616463
0.6677610874176025,1.1102423351135742,-2.0201292709616463
0.6687586307525635,1.1102423351135742,-2.0201292709616463
0.6697268486022949,1.1102423351135742,-2.0201292709616463
0.6707568168640137,1.1102423351135742,-2.0201292709616463
0.671715259552002,1.1102423351135742,-2.0201292709616463
0.672757625579834,1.1102423351135742,-2.0201292709616463
0.6737587451934814,1.1102423351135742,-2.0201292709616463
0.674757719039917,1.1102423351135742,-2.0201292709616463
0.6757631301879883,1.1102423351135742,-2.0201292709616463
0.6767237186431885,1.1102423351135742,-2.0201292709616463
0.6777539253234863,1.1102423351135742,-2.0201292709616463
0.6787564754486084,1.1102423351135742,-2.0201292709616463
0.6797590255737305,1.1102423351135742,-2.0201292709616463
0.6807637214660645,1.1102423351135742,-2.0201292709616463
0.681755781173706,1.1102423351135742,-2.0201292709616463
0.6827549934387207,1.1102423351135742,-2.0201292709616463
0.6837561130523682,1.1102423351135742,-2.0201292709616463
0.6847195625305176,1.1102423351135742,-2.0201292709616463
0.6858043670654297,1.1102423351135742,-2.0201292709616463
0.6868112087249756,1.1102423351135742,-2.0201292709616463
0.6877217292785645,1.1102423351135742,-2.0201292709616463
0.6888105869293213,1.1102423351135742,-2.0201292709616463
0.6897172927856445,1.1102423351135742,-2.0201292709616463
0.690725564956665,1.1102423351135742,-2.0201292709616463
0.691800594329834,1.1102423351135742,-2.0201292709616463
0.6929254531860352,1.1102423351135742,-2.0201292709616463
0.6941196918487549,1.1102423351135742,-2.0201292709616463
0.6952316761016846,1.1102423351135742,-2.0201292709616463
0.6962692737579346,1.1102423351135742,-2.0201292709616463
0.6971354484558105,1.1102423351135742,-2.0201292709616463
0.6982765197753906,1.1102423351135742,-2.0201292709616463
0.69921875,1.1102423351135742,-2.0201292709616463
0.7002255916595459,1.1102423351135742,-2.0201292709616463
0.7011733055114746,1.1102423351135742,-2.0201292709616463
0.7021677494049072,1.1102423351135742,-2.0201292709616463
0.7031335830688477,1.1102423351135742,-2.0201292709616463
0.7041316032409668,1.1102423351135742,-2.0201292709616463
0.7051324844360352,1.1102423351135742,-2.0201292709616463
0.7061319351196289,1.1102423351135742,-2.0201292709616463
0.7071647644042969,1.1102423351135742,-2.0201292709616463
0.7081668376922607,1.1102423351135742,-2.0201292709616463
0.7091662883758545,1.1102423351135742,-2.0201292709616463
0.7102866172790527,1.1102423351135742,-2.0201292709616463
0.7113053798675537,1.1102423351135742,-2.0201292709616463
0.7124173641204834,1.1102423351135742,-2.0201292709616463
0.7135777473449707,1.1102423351135742,-2.0201292709616463
0.714771032333374,1.1102423351135742,-2.0201292709616463
0.7158710956573486,1.1102423351135742,-2.0201292709616463
0.7168715000152588,1.1102423351135742,-2.0201292709616463
0.7179062366485596,1.1102423351135742,-2.0201292709616463
0.7187843322753906,1.1102423351135742,-2.0201292709616463
0.7197833061218262,1.1102423351135742,-2.0201292709616463
0.7208285331726074,1.1102423351135742,-2.0201292709616463
0.721818208694458,1.1102423351135742,-2.0201292709616463
0.7228188514709473,1.1102423351135742,-2.0201292709616463
0.723783016204834,1.1102423351135742,-2.0201292709616463
0.7248179912567139,1.1102423351135742,-2.0201292709616463
0.7257826328277588,1.1102423351135742,-2.0201292709616463
0.7269155979156494,1.1102423351135742,-2.0201292709616463
0.7279164791107178,1.1102423351135742,-2.0201292709616463
0.7289137840270996,1.1102423351135742,-2.0201292709616463
0.7299175262451172,1.1102423351135742,-2.0201292709616463
0.7310659885406494,1.1102423351135742,-2.0201292709616463
0.7320718765258789,1.1102423351135742,-2.0201292709616463
0.7331390380859375,1.1102423351135742,-2.0201292709616463
0.7343165874481201,1.1102423351135742,-2.0201292709616463
0.7355692386627197,1.1102423351135742,-2.0201292709616463
0.7526230812072754,1.1102423351135742,-2.0201292709616463
0.753607988357544,1.1102423351135742,-2.0201292709616463
0.7547187805175781,1.1102423351135742,-2.0201292709616463
0.7559821605682373,1.1102423351135742,-2.0201292709616463
0.7572450637817383,1.1102423351135742,-2.0201292709616463
0.7584140300750732,1.1102423351135742,-2.0201292709616463
0.7594358921051025,1.1102423351135742,-2.0201292709616463
0.7604315280914307,1.1102423351135742,-2.0201292709616463
0.7614693641662598,1.1102423351135742,-2.0201292709616463
0.7624671459197998,1.1102423351135742,-2.0201292709616463
0.7634670734405518,1.1102423351135742,-2.0201292709616463
0.7644672393798828,1.1102423351135742,-2.0201292709616463
0.7654330730438232,1.1102423351135742,-2.0201292709616463
0.7664337158203125,1.1102423351135742,-2.0201292709616463
0.7674734592437744,1.1102423351135742,-2.0201292709616463
0.7684798240661621,1.1102423351135742,-2.0201292709616463
0.7694659233093262,1.1102423351135742,-2.0201292709616463
0.7704660892486572,1.1102423351135742,-2.0201292709616463
0.7714674472808838,1.1102423351135742,-2.0201292709616463
0.7724659442901611,1.1102423351135742,-2.0201292709616463
0.7734520435333252,1.1102423351135742,-2.0201292709616463
0.7746353149414062,1.1102423351135742,-2.0201292709616463
0.7758979797363281,1.1102423351135742,-2.0201292709616463
0.777177095413208,1.1102423351135742,-2.0201292709616463
0.7782905101776123,1.1102423351135742,-2.0201292709616463
0.7792840003967285,1.1102423351135742,-2.0201292709616463
0.7802844047546387,1.1102423351135742,-2.0201292709616463
0.7814321517944336,1.1102423351135742,-2.0201292709616463
0.7827160358428955,1.1102423351135742,-2.0201292709616463
0.7834901809692383,1.1102423351135742,-2.0201292709616463
0.7844786643981934,1.1102423351135742,-2.0201292709616463
0.7854785919189453,1.1102423351135742,-2.0201292709616463
0.7864792346954346,1.1102423351135742,-2.0201292709616463
0.7874431610107422,1.1102423351135742,-2.0201292709616463
0.788489818572998,1.1102423351135742,-2.0201292709616463
0.7894771099090576,1.1102423351135742,-2.0201292709616463
0.7904770374298096,1.1102423351135742,-2.0201292709616463
0.7914772033691406,1.1102423351135742,-2.0201292709616463
0.7924785614013672,1.1102423351135742,-2.0201292709616463
0.7934768199920654,1.1102423351135742,-2.0201292709616463
0.7944378852844238,1.1102423351135742,-2.0201292709616463
0.7954821586608887,1.1102423351135742,-2.0201292709616463
0.7964441776275635,1.1102423351135742,-2.0201292709616463
0.7976481914520264,1.1102423351135742,-2.0201292709616463
0.7989246845245361,1.1102423351135742,-2.0201292709616463
0.8001067638397217,1.1102423351135742,-2.0201292709616463
0.8012599945068359,1.1102423351135742,-2.0201292709616463
0.8023674488067627,1.1102423351135742,-2.0201292709616463
0.8033666610717773,1.1102423351135742,-2.0201292709616463
0.8043677806854248,1.1102423351135742,-2.0201292709616463
0.8053662776947021,1.1102423351135742,-2.0201292709616463
0.8063726425170898,1.1102423351135742,-2.0201292709616463
0.807375431060791,1.1102423351135742,-2.0201292709616463
0.8083059787750244,1.1102423351135742,-2.0201292709616463
0.80934739112854,1.1102423351135742,-2.0201292709616463
0.810455322265625,1.1102423351135742,-2.0201292709616463
0.8115715980529785,1.1102423351135742,-2.0201292709616463
0.812492847442627,1.1102423351135742,-2.0201292709616463
0.8134884834289551,1.1102423351135742,-2.0201292709616463
0.8145039081573486,1.1102423351135742,-2.0201292709616463
0.815483570098877,1.1102423351135742,-2.0201292709616463
0.816474199295044,1.1102423351135742,-2.0201292709616463
0.8174657821655273,1.1102423351135742,-2.0201292709616463
0.8184723854064941,1.1102423351135742,-2.0201292709616463
0.8194661140441895,1.1102423351135742,-2.0201292709616463
0.8204679489135742,1.1102423351135742,-2.0201292709616463
0.8214716911315918,1.1102423351135742,-2.0201292709616463
0.8224718570709229,1.1102423351135742,-2.0201292709616463
0.8234658241271973,1.1102423351135742,-2.0201292709616463
0.8244762420654297,1.1102423351135742,-2.0201292709616463
0.8259861469268799,1.1102423351135742,-2.0201292709616463
0.8269901275634766,1.1102423351135742,-2.0201292709616463
0.827991247177124,1.1102423351135742,-2.0201292709616463
0.8289926052093506,1.1102423351135742,-2.0201292709616463
0.8299980163574219,1.1102423351135742,-2.0201292709616463
0.8309979438781738,1.1102423351135742,-2.0201292709616463
0.8319978713989258,1.1102423351135742,-2.0201292709616463
0.8329973220825195,1.1102423351135742,-2.0201292709616463
0.833991289138794,1.1102423351135742,-2.0201292709616463
0.8349897861480713,1.1102423351135742,-2.0201292709616463
0.8359932899475098,1.1102423351135742,-2.0201292709616463
0.8369953632354736,1.1102423351135742,-2.0201292709616463
0.8379988670349121,1.1102423351135742,-2.0201292709616463
0.8389983177185059,1.1102423351135742,-2.0201292709616463
0.8399982452392578,1.1102423351135742,-2.0201292709616463
0.8409912586212158,1.1102423351135742,-2.0201292709616463
0.8419950008392334,1.1102423351135742,-2.0201292709616463
0.8429989814758301,1.1102423351135742,-2.0201292709616463
0.8439910411834717,1.1102423351135742,-2.0201292709616463
0.8450007438659668,1.1102423351135742,-2.0201292709616463
0.8470010757446289,1.1102423351135742,-2.0201292709616463
0.8480000495910645,1.1102423351135742,-2.0201292709616463
0.849998950958252,1.1102423351135742,-2.0201292709616463
0.8509902954101562,1.1102423351135742,-2.0201292709616463
0.851999044418335,1.1102423351135742,-2.0201292709616463
0.8529963493347168,1.1102423351135742,-2.0201292709616463
0.8539988994598389,1.1102423351135742,-2.0201292709616463
0.8549990653991699,1.1102423351135742,-2.0201292709616463
0.8559994697570801,1.1102423351135742,-2.0201292709616463
0.8569943904876709,1.1102423351135742,-2.0201292709616463
0.8579986095428467,1.1102423351135742,-2.0201292709616463
0.8589932918548584,1.1102423351135742,-2.0201292709616463
0.859992265701294,1.1102423351135742,-2.0201292709616463
0.8609921932220459,1.1102423351135742,-2.0201292709616463
0.8620004653930664,1.1102423351135742,-2.0201292709616463
0.8640000820159912,1.1102423351135742,-2.0201292709616463
0.8659999370574951,1.1102423351135742,-2.0201292709616463
0.866999626159668,1.1102423351135742,-2.0201292709616463
0.867999792098999,1.1102423351135742,-2.0201292709616463
0.8689987659454346,1.1102423351135742,-2.0201292709616463
0.8699963092803955,1.1102423351135742,-2.0201292709616463
0.870999813079834,1.1102423351135742,-2.0201292709616463
0.8719964027404785,1.1102423351135742,-2.0201292709616463
0.8730003833770752,1.1102423351135742,-2.0201292709616463
0.8749992847442627,1.1102423351135742,-2.0201292709616463
0.8759911060333252,1.1102423351135742,-2.0201292709616463
0.8769969940185547,1.1102423351135742,-2.0201292709616463
0.8779990673065186,1.1102423351135742,-2.0201292709616463
0.8790006637573242,1.1102423351135742,-2.0201292709616463
0.8809990882873535,1.1102423351135742,-2.0201292709616463
0.8819942474365234,1.1102423351135742,-2.0201292709616463
0.882990837097168,1.1102423351135742,-2.0201292709616463
0.8840010166168213,1.1102423351135742,-2.0201292709616463
0.8850023746490479,1.1102423351135742,-2.0201292709616463
0.887000322341919,1.1102423351135742,-2.0201292709616463
0.8880002498626709,1.1102423351135742,-2.0201292709616463
0.8900003433227539,1.1102423351135742,-2.0201292709616463
0.8919920921325684,1.1102423351135742,-2.0201292709616463
0.8930032253265381,1.1102423351135742,-2.0201292709616463
0.8949997425079346,1.1102423351135742,-2.0201292709616463
0.8960011005401611,1.1102423351135742,-2.0201292709616463
0.8979945182800293,1.1102423351135742,-2.0201292709616463
0.8990027904510498,1.1102423351135742,-2.0201292709616463
0.9000039100646973,1.1102423351135742,-2.0201292709616463
0.9010007381439209,1.1102423351135742,-2.0201292709616463
0.902001142501831,1.1102423351135742,-2.0201292709616463
0.9030013084411621,1.1102423351135742,-2.0201292709616463
0.9040012359619141,1.1102423351135742,-2.0201292709616463
0.9050004482269287,1.1102423351135742,-2.0201292709616463
0.9060001373291016,1.1102423351135742,-2.0201292709616463
0.9070510864257812,1.1102423351135742,-2.0201292709616463
0.9082090854644775,1.1102423351135742,-2.0201292709616463
0.909348726272583,1.1102423351135742,-2.0201292709616463
0.9105527400970459,1.1102423351135742,-2.0201292709616463
0.9116621017456055,1.1102423351135742,-2.0201292709616463
0.9126017093658447,1.1102423351135742,-2.0201292709616463
0.913658618927002,1.1102423351135742,-2.0201292709616463
0.9146599769592285,1.1102423351135742,-2.0201292709616463
0.9156591892242432,1.1102423351135742,-2.0201292709616463
0.9166600704193115,1.1102423351135742,-2.0201292709616463
0.9176740646362305,1.1102423351135742,-2.0201292709616463
0.9186525344848633,1.1102423351135742,-2.0201292709616463
0.9196145534515381,1.1102423351135742,-2.0201292709616463
0.9206047058105469,1.1102423351135742,-2.0201292709616463
0.9215981960296631,1.1102423351135742,-2.0201292709616463
0.9226031303405762,1.1102423351135742,-2.0201292709616463
0.9235997200012207,1.1102423351135742,-2.0201292709616463
0.9245998859405518,1.1102423351135742,-2.0201292709616463
0.9261496067047119,1.1102423351135742,-2.0201292709616463
0.9272017478942871,1.1102423351135742,-2.0201292709616463
0.9283452033996582,1.1102423351135742,-2.0201292709616463
0.9294033050537109,1.1102423351135742,-2.0201292709616463
0.930633544921875,1.1102423351135742,-2.0201292709616463
0.9318697452545166,1.1102423351135742,-2.0201292709616463
0.9329698085784912,1.1102423351135742,-2.0201292709616463
0.9339706897735596,1.1102423351135742,-2.0201292709616463
0.9349706172943115,1.1102423351135742,-2.0201292709616463
0.9359815120697021,1.1102423351135742,-2.0201292709616463
0.9370906352996826,1.1102423351135742,-2.0201292709616463
0.9380862712860107,1.1102423351135742,-2.0201292709616463
0.9390890598297119,1.1102423351135742,-2.0201292709616463
0.9542326927185059,1.1102423351135742,-2.0201292709616463
0.9552395343780518,1.1102423351135742,-2.0201292709616463
0.9565083980560303,1.1102423351135742,-2.0201292709616463
0.9571397304534912,1.1102423351135742,-2.0201292709616463
0.9582712650299072,1.1102423351135742,-2.0201292709616463
0.9592540264129639,1.1102423351135742,-2.0201292709616463
0.9602000713348389,1.1102423351135742,-2.0201292709616463
0.961158275604248,1.1102423351135742,-2.0201292709616463
0.962158203125,1.1102423351135742,-2.0201292709616463
0.9631960391998291,1.1102423351135742,-2.0201292709616463
0.9641940593719482,1.1102423351135742,-2.0201292709616463
0.9651939868927002,1.1102423351135742,-2.0201292709616463
0.9661948680877686,1.1102423351135742,-2.0201292709616463
0.9671947956085205,1.1102423351135742,-2.0201292709616463
0.9681625366210938,1.1102423351135742,-2.0201292709616463
0.9691972732543945,1.1102423351135742,-2.0201292709616463
0.9701972007751465,1.1102423351135742,-2.0201292709616463
0.9711973667144775,1.1102423351135742,-2.0201292709616463
0.9724161624908447,1.1102423351135742,-2.0201292709616463
0.9734666347503662,1.1102423351135742,-2.0201292709616463
0.9747600555419922,1.1102423351135742,-2.0201292709616463
0.9758644104003906,1.1102423351135742,-2.0201292709616463
0.9769926071166992,1.1102423351135742,-2.0201292709616463
0.9779949188232422,1.1102423351135742,-2.0201292709616463
0.978980302810669,1.1102423351135742,-2.0201292709616463
0.979982852935791,1.1102423351135742,-2.0201292709616463
0.9809267520904541,1.1102423351135742,-2.0201292709616463
0.981945276260376,1.1102423351135742,-2.0201292709616463
0.9829235076904297,1.1102423351135742,-2.0201292709616463
0.9839193820953369,1.1102423351135742,-2.0201292709616463
0.9848856925964355,1.1102423351135742,-2.0201292709616463
0.9858851432800293,1.1102423351135742,-2.0201292709616463
0.986884593963623,1.1102423351135742,-2.0201292709616463
0.9878838062286377,1.1102423351135742,-2.0201292709616463
0.9889044761657715,1.1102423351135742,-2.0201292709616463
0.9898998737335205,1.1102423351135742,-2.0201292709616463
0.9910938739776611,1.1102423351135742,-2.0201292709616463
0.9921989440917969,1.1102423351135742,-2.0201292709616463
0.9932956695556641,1.1102423351135742,-2.0201292709616463
0.9945244789123535,1.1102423351135742,-2.0201292709616463
0.9957916736602783,1.1102423351135742,-2.0201292709616463
0.9965362548828125,1.1102423351135742,-2.0201292709616463
0.9978101253509521,1.1102423351135742,-2.0201292709616463
0.9989328384399414,1.1102423351135742,-2.0201292709616463
0.9999723434448242,1.1102423351135742,-2.0201292709616463
1.001127004623413,1.1102423351135742,-2.0201292709616463
1.0021476745605469,1.1102423351135742,-2.0201292709616463
1.0041193962097168,1.1102423351135742,-2.0201292709616463
1.0058574676513672,1.1102423351135742,-2.0201292709616463
1.0068559646606445,1.1102423351135742,-2.0201292709616463
1.007857322692871,1.1102423351135742,-2.0201292709616463
1.009079933166504,1.1102423351135742,-2.0201292709616463
1.0111255645751953,1.1102423351135742,-2.0201292709616463
1.0121784210205078,1.1102423351135742,-2.0201292709616463
1.0131711959838867,1.1102423351135742,-2.0201292709616463
1.0141706466674805,1.1102423351135742,-2.0201292709616463
1.0151703357696533,1.1102423351135742,-2.0201292709616463
1.016145944595337,1.1102423351135742,-2.0201292709616463
1.0171363353729248,1.1102423351135742,-2.0201292709616463
1.0181376934051514,1.1102423351135742,-2.0201292709616463
1.0191357135772705,1.1102423351135742,-2.0201292709616463
1.0201363563537598,1.1102423351135742,-2.0201292709616463
1.0211372375488281,1.1102423351135742,-2.0201292709616463
1.022136926651001,1.1102423351135742,-2.0201292709616463
1.0231380462646484,1.1102423351135742,-2.0201292709616463
1.0241379737854004,1.1102423351135742,-2.0201292709616463
1.025137186050415,1.1102423351135742,-2.0201292709616463
1.0261375904083252,1.1102423351135742,-2.0201292709616463
1.027662754058838,1.1102423351135742,-2.0201292709616463
1.0286622047424316,1.1102423351135742,-2.0201292709616463
1.0296630859375,1.1102423351135742,-2.0201292709616463
1.0306646823883057,1.1102423351135742,-2.0201292709616463
1.031700849533081,1.1102423351135742,-2.0201292709616463
1.0326998233795166,1.1102423351135742,-2.0201292709616463
1.0337004661560059,1.1102423351135742,-2.0201292709616463
1.034698724746704,1.1102423351135742,-2.0201292709616463
1.0356998443603516,1.1102423351135742,-2.0201292709616463
1.0367012023925781,1.1102423351135742,-2.0201292709616463
1.0377006530761719,1.1102423351135742,-2.0201292709616463
1.038700819015503,1.1102423351135742,-2.0201292709616463
1.0399274826049805,1.1102423351135742,-2.0201292709616463
1.0412468910217285,1.1102423351135742,-2.0201292709616463
1.0425646305084229,1.1102423351135742,-2.0201292709616463
1.0438909530639648,1.1102423351135742,-2.0201292709616463
1.0449419021606445,1.1102423351135742,-2.0201292709616463
1.0461325645446777,1.1102423351135742,-2.0201292709616463
1.047133207321167,1.1102423351135742,-2.0201292709616463
1.0481441020965576,1.1102423351135742,-2.0201292709616463
1.05018949508667,1.1102423351135742,-2.0201292709616463
1.051138162612915,1.1102423351135742,-2.0201292709616463
1.0531737804412842,1.1102423351135742,-2.0201292709616463
1.0541331768035889,1.1102423351135742,-2.0201292709616463
1.0551409721374512,1.1102423351135742,-2.0201292709616463
1.0561411380767822,1.1102423351135742,-2.0201292709616463
1.057133436203003,1.1102423351135742,-2.0201292709616463
1.058138132095337,1.1102423351135742,-2.0201292709616463
1.0601747035980225,1.1102423351135742,-2.0201292709616463
1.061133623123169,1.1102423351135742,-2.0201292709616463
1.0621364116668701,1.1102423351135742,-2.0201292709616463
1.06390380859375,1.1102423351135742,-2.0201292709616463
1.065077304840088,1.1102423351135742,-2.0201292709616463
1.066239833831787,1.1102423351135742,-2.0201292709616463
1.0674827098846436,1.1102423351135742,-2.0201292709616463
1.0686535835266113,1.1102423351135742,-2.0201292709616463
1.0697054862976074,1.1102423351135742,-2.0201292709616463
1.0707125663757324,1.1102423351135742,-2.0201292709616463
1.0717129707336426,1.1102423351135742,-2.0201292709616463
1.0727219581604004,1.1102423351135742,-2.0201292709616463
1.0737109184265137,1.1102423351135742,-2.0201292709616463
1.074704647064209,1.1102423351135742,-2.0201292709616463
1.0757124423980713,1.1102423351135742,-2.0201292709616463
1.0767123699188232,1.1102423351135742,-2.0201292709616463
1.0777127742767334,1.1102423351135742,-2.0201292709616463
1.078711748123169,1.1102423351135742,-2.0201292709616463
1.0797045230865479,1.1102423351135742,-2.0201292709616463
1.0807054042816162,1.1102423351135742,-2.0201292709616463
1.0817108154296875,1.1102423351135742,-2.0201292709616463
1.0827105045318604,1.1102423351135742,-2.0201292709616463
1.0837130546569824,1.1102423351135742,-2.0201292709616463
1.084874153137207,1.1102423351135742,-2.0201292709616463
1.086052656173706,1.1102423351135742,-2.0201292709616463
1.0872044563293457,1.1102423351135742,-2.0201292709616463
1.0884766578674316,1.1102423351135742,-2.0201292709616463
1.0897705554962158,1.1102423351135742,-2.0201292709616463
1.090834617614746,1.1102423351135742,-2.0201292709616463
1.091949701309204,1.1102423351135742,-2.0201292709616463
1.0929956436157227,1.1102423351135742,-2.0201292709616463
1.0938820838928223,1.1102423351135742,-2.0201292709616463
1.0948927402496338,1.1102423351135742,-2.0201292709616463
1.0958950519561768,1.1102423351135742,-2.0201292709616463
1.0968928337097168,1.1102423351135742,-2.0201292709616463
1.0978965759277344,1.1102423351135742,-2.0201292709616463
1.098891019821167,1.1102423351135742,-2.0201292709616463
1.0998899936676025,1.1102423351135742,-2.0201292709616463
1.1008915901184082,1.1102423351135742,-2.0201292709616463
1.1018931865692139,1.1102423351135742,-2.0201292709616463
1.1028892993927002,1.1102423351135742,-2.0201292709616463
1.103888988494873,1.1102423351135742,-2.0201292709616463
1.1048932075500488,1.1102423351135742,-2.0201292709616463
1.1058928966522217,1.1102423351135742,-2.0201292709616463
1.1068921089172363,1.1102423351135742,-2.0201292709616463
1.1078894138336182,1.1102423351135742,-2.0201292709616463
1.1088929176330566,1.1102423351135742,-2.0201292709616463
1.1098992824554443,1.1102423351135742,-2.0201292709616463
1.1109352111816406,1.1102423351135742,-2.0201292709616463
1.111948013305664,1.1102423351135742,-2.0201292709616463
1.1129810810089111,1.1102423351135742,-2.0201292709616463
1.1139438152313232,1.1102423351135742,-2.0201292709616463
1.1149818897247314,1.1102423351135742,-2.0201292709616463
1.1159873008728027,1.1102423351135742,-2.0201292709616463
1.1169893741607666,1.1102423351135742,-2.0201292709616463
1.117985486984253,1.1102423351135742,-2.0201292709616463
1.1189844608306885,1.1102423351135742,-2.0201292709616463
1.1199872493743896,1.1102423351135742,-2.0201292709616463
1.1209497451782227,1.1102423351135742,-2.0201292709616463
1.1219828128814697,1.1102423351135742,-2.0201292709616463
1.1229865550994873,1.1102423351135742,-2.0201292709616463
1.1239840984344482,1.1102423351135742,-2.0201292709616463
1.124953269958496,1.1102423351135742,-2.0201292709616463
1.126502275466919,1.1102423351135742,-2.0201292709616463
1.1275527477264404,1.1102423351135742,-2.0201292709616463
1.1285531520843506,1.1102423351135742,-2.0201292709616463
1.1295523643493652,1.1102423351135742,-2.0201292709616463
1.1305522918701172,1.1102423351135742,-2.0201292709616463
1.1315526962280273,1.1102423351135742,-2.0201292709616463
1.132551670074463,1.1102423351135742,-2.0201292709616463
1.133551836013794,1.1102423351135742,-2.0201292709616463
1.1345515251159668,1.1102423351135742,-2.0201292709616463
1.1355526447296143,1.1102423351135742,-2.0201292709616463
1.136554479598999,1.1102423351135742,-2.0201292709616463
1.137552261352539,1.1102423351135742,-2.0201292709616463
1.1385598182678223,1.1102423351135742,-2.0201292709616463
1.1395528316497803,1.1102423351135742,-2.0201292709616463
1.1405553817749023,1.1102423351135742,-2.0201292709616463
1.1575555801391602,1.1102423351135742,-2.0201292709616463
1.1575555801391602,1.1102423351135742,-2.0201292709616463
1.1585092544555664,1.1102423351135742,-2.0201292709616463
1.1595544815063477,1.1102423351135742,-2.0201292709616463
1.1605541706085205,1.1102423351135742,-2.0201292709616463
1.1615540981292725,1.1102423351135742,-2.0201292709616463
1.1625120639801025,1.1102423351135742,-2.0201292709616463
1.1635146141052246,1.1102423351135742,-2.0201292709616463
1.1645543575286865,1.1102423351135742,-2.0201292709616463
1.1655542850494385,1.1102423351135742,-2.0201292709616463
1.1665546894073486,1.1102423351135742,-2.0201292709616463
1.1675546169281006,1.1102423351135742,-2.0201292709616463
1.168555498123169,1.1102423351135742,-2.0201292709616463
1.1695544719696045,1.1102423351135742,-2.0201292709616463
1.1705505847930908,1.1102423351135742,-2.0201292709616463
1.1715104579925537,1.1102423351135742,-2.0201292709616463
1.1725566387176514,1.1102423351135742,-2.0201292709616463
1.1735548973083496,1.1102423351135742,-2.0201292709616463
1.174553394317627,1.1102423351135742,-2.0201292709616463
1.175553560256958,1.1102423351135742,-2.0201292709616463
1.176553726196289,1.1102423351135742,-2.0201292709616463
1.177553415298462,1.1102423351135742,-2.0201292709616463
1.178553581237793,1.1102423351135742,-2.0201292709616463
1.1795518398284912,1.1102423351135742,-2.0201292709616463
1.180553913116455,1.1102423351135742,-2.0201292709616463
1.1815550327301025,1.1102423351135742,-2.0201292709616463
1.1825172901153564,1.1102423351135742,-2.0201292709616463
1.1835546493530273,1.1102423351135742,-2.0201292709616463
1.1845579147338867,1.1102423351135742,-2.0201292709616463
1.1855549812316895,1.1102423351135742,-2.0201292709616463
1.1865627765655518,1.1102423351135742,-2.0201292709616463
1.1875557899475098,1.1102423351135742,-2.0201292709616463
1.1885571479797363,1.1102423351135742,-2.0201292709616463
1.189554214477539,1.1102423351135742,-2.0201292709616463
1.1905207633972168,1.1102423351135742,-2.0201292709616463
1.1915605068206787,1.1102423351135742,-2.0201292709616463
1.192553997039795,1.1102423351135742,-2.0201292709616463
1.1935539245605469,1.1102423351135742,-2.0201292709616463
1.194554090499878,1.1102423351135742,-2.0201292709616463
1.1955523490905762,1.1102423351135742,-2.0201292709616463
1.196554183959961,1.1102423351135742,-2.0201292709616463
1.1975195407867432,1.1102423351135742,-2.0201292709616463
1.1985538005828857,1.1102423351135742,-2.0201292709616463
1.199554443359375,1.1102423351135742,-2.0201292709616463
1.2005562782287598,1.1102423351135742,-2.0201292709616463
1.2015533447265625,1.1102423351135742,-2.0201292709616463
1.2025561332702637,1.1102423351135742,-2.0201292709616463
1.2035562992095947,1.1102423351135742,-2.0201292709616463
1.2045576572418213,1.1102423351135742,-2.0201292709616463
1.205554485321045,1.1102423351135742,-2.0201292709616463
1.2065541744232178,1.1102423351135742,-2.0201292709616463
1.2075536251068115,1.1102423351135742,-2.0201292709616463
1.2085535526275635,1.1102423351135742,-2.0201292709616463
1.2095532417297363,1.1102423351135742,-2.0201292709616463
1.2105543613433838,1.1102423351135742,-2.0201292709616463
1.2115581035614014,1.1102423351135742,-2.0201292709616463
1.2126095294952393,1.1102423351135742,-2.0201292709616463
1.21370530128479,1.1102423351135742,-2.0201292709616463
1.2148120403289795,1.1102423351135742,-2.0201292709616463
1.2157142162322998,1.1102423351135742,-2.0201292709616463
1.2168841361999512,1.1102423351135742,-2.0201292709616463
1.217881441116333,1.1102423351135742,-2.0201292709616463
1.2187232971191406,1.1102423351135742,-2.0201292709616463
1.219944715499878,1.1102423351135742,-2.0201292709616463
1.221186637878418,1.1102423351135742,-2.0201292709616463
1.2224409580230713,1.1102423351135742,-2.0201292709616463
1.2236363887786865,1.1102423351135742,-2.0201292709616463
1.224644660949707,1.1102423351135742,-2.0201292709616463
1.2254619598388672,1.1102423351135742,-2.0201292709616463
1.2266349792480469,1.1102423351135742,-2.0201292709616463
1.227992296218872,1.1102423351135742,-2.0201292709616463
1.2288131713867188,1.1102423351135742,-2.0201292709616463
1.2299907207489014,1.1102423351135742,-2.0201292709616463
1.23099684715271,1.1102423351135742,-2.0201292709616463
1.2318129539489746,1.1102423351135742,-2.0201292709616463
1.2328505516052246,1.1102423351135742,-2.0201292709616463
1.233809471130371,1.1102423351135742,-2.0201292709616463
1.2348477840423584,1.1102423351135742,-2.0201292709616463
1.2358450889587402,1.1102423351135742,-2.0201292709616463
1.2368440628051758,1.1102423351135742,-2.0201292709616463
1.2378449440002441,1.1102423351135742,-2.0201292709616463
1.238809585571289,1.1102423351135742,-2.0201292709616463
1.2399914264678955,1.1102423351135742,-2.0201292709616463
1.2412223815917969,1.1102423351135742,-2.0201292709616463
1.2423906326293945,1.1102423351135742,-2.0201292709616463
1.2434802055358887,1.1102423351135742,-2.0201292709616463
1.2445077896118164,1.1102423351135742,-2.0201292709616463
1.2455096244812012,1.1102423351135742,-2.0201292709616463
1.2465059757232666,1.1102423351135742,-2.0201292709616463
1.2475037574768066,1.1102423351135742,-2.0201292709616463
1.248511552810669,1.1102423351135742,-2.0201292709616463
1.2495033740997314,1.1102423351135742,-2.0201292709616463
1.2505090236663818,1.1102423351135742,-2.0201292709616463
1.2515087127685547,1.1102423351135742,-2.0201292709616463
1.2525055408477783,1.1102423351135742,-2.0201292709616463
1.2535061836242676,1.1102423351135742,-2.0201292709616463
1.2545044422149658,1.1102423351135742,-2.0201292709616463
1.2555303573608398,1.1102423351135742,-2.0201292709616463
1.2565269470214844,1.1102423351135742,-2.0201292709616463
1.2575268745422363,1.1102423351135742,-2.0201292709616463
1.2585270404815674,1.1102423351135742,-2.0201292709616463
1.2595057487487793,1.1102423351135742,-2.0201292709616463
1.2605078220367432,1.1102423351135742,-2.0201292709616463
1.2616286277770996,1.1102423351135742,-2.0201292709616463
1.2627434730529785,1.1102423351135742,-2.0201292709616463
1.2637429237365723,1.1102423351135742,-2.0201292709616463
1.2647287845611572,1.1102423351135742,-2.0201292709616463
1.265747308731079,1.1102423351135742,-2.0201292709616463
1.2666749954223633,1.1102423351135742,-2.0201292709616463
1.2686545848846436,1.1102423351135742,-2.0201292709616463
1.269758701324463,1.1102423351135742,-2.0201292709616463
1.2709717750549316,1.1102423351135742,-2.0201292709616463
1.2721836566925049,1.1102423351135742,-2.0201292709616463
1.273305892944336,1.1102423351135742,-2.0201292709616463
1.2742857933044434,1.1102423351135742,-2.0201292709616463
1.2752997875213623,1.1102423351135742,-2.0201292709616463
1.2763011455535889,1.1102423351135742,-2.0201292709616463
1.2773022651672363,1.1102423351135742,-2.0201292709616463
1.2783012390136719,1.1102423351135742,-2.0201292709616463
1.2793004512786865,1.1102423351135742,-2.0201292709616463
1.280205249786377,1.1102423351135742,-2.0201292709616463
1.2812738418579102,1.1102423351135742,-2.0201292709616463
1.282238245010376,1.1102423351135742,-2.0201292709616463
1.2842717170715332,1.1102423351135742,-2.0201292709616463
1.285308599472046,1.1102423351135742,-2.0201292709616463
1.2862474918365479,1.1102423351135742,-2.0201292709616463
1.2872302532196045,1.1102423351135742,-2.0201292709616463
1.2882301807403564,1.1102423351135742,-2.0201292709616463
1.2892348766326904,1.1102423351135742,-2.0201292709616463
1.2905006408691406,1.1102423351135742,-2.0201292709616463
1.2918035984039307,1.1102423351135742,-2.0201292709616463
1.2930614948272705,1.1102423351135742,-2.0201292709616463
1.2940540313720703,1.1102423351135742,-2.0201292709616463
1.2958440780639648,1.1102423351135742,-2.0201292709616463
1.2968482971191406,1.1102423351135742,-2.0201292709616463
1.2978134155273438,1.1102423351135742,-2.0201292709616463
1.2988157272338867,1.1102423351135742,-2.0201292709616463
1.2998147010803223,1.1102423351135742,-2.0201292709616463
1.300851583480835,1.1102423351135742,-2.0201292709616463
1.3018569946289062,1.1102423351135742,-2.0201292709616463
1.3030929565429688,1.1102423351135742,-2.0201292709616463
1.3043968677520752,1.1102423351135742,-2.0201292709616463
1.3056437969207764,1.1102423351135742,-2.0201292709616463
1.306640863418579,1.1102423351135742,-2.0201292709616463
1.3076395988464355,1.1102423351135742,-2.0201292709616463
1.3084032535552979,1.1102423351135742,-2.0201292709616463
1.309645175933838,1.1102423351135742,-2.0201292709616463
1.3106412887573242,1.1102423351135742,-2.0201292709616463
1.3114054203033447,1.1102423351135742,-2.0201292709616463
1.3124587535858154,1.1102423351135742,-2.0201292709616463
1.3134522438049316,1.1102423351135742,-2.0201292709616463
1.314453363418579,1.1102423351135742,-2.0201292709616463
1.3154094219207764,1.1102423351135742,-2.0201292709616463
1.316455602645874,1.1102423351135742,-2.0201292709616463
1.3174540996551514,1.1102423351135742,-2.0201292709616463
1.318450927734375,1.1102423351135742,-2.0201292709616463
1.319451093673706,1.1102423351135742,-2.0201292709616463
1.3206298351287842,1.1102423351135742,-2.0201292709616463
1.3217995166778564,1.1102423351135742,-2.0201292709616463
1.3230395317077637,1.1102423351135742,-2.0201292709616463
1.3243072032928467,1.1102423351135742,-2.0201292709616463
1.3254146575927734,1.1102423351135742,-2.0201292709616463
1.327012062072754,1.1102423351135742,-2.0201292709616463
1.3282625675201416,1.1102423351135742,-2.0201292709616463
1.329063892364502,1.1102423351135742,-2.0201292709616463
1.330040454864502,1.1102423351135742,-2.0201292709616463
1.3312671184539795,1.1102423351135742,-2.0201292709616463
1.3322722911834717,1.1102423351135742,-2.0201292709616463
1.333320140838623,1.1102423351135742,-2.0201292709616463
1.3343253135681152,1.1102423351135742,-2.0201292709616463
1.335325002670288,1.1102423351135742,-2.0201292709616463
1.33610200881958,1.1102423351135742,-2.0201292709616463
1.337024450302124,1.1102423351135742,-2.0201292709616463
1.3383381366729736,1.1102423351135742,-2.0201292709616463
1.339324951171875,1.1102423351135742,-2.0201292709616463
1.340501308441162,1.1102423351135742,-2.0201292709616463
1.341797113418579,1.1102423351135742,-2.0201292709616463
1.3427441120147705,1.1102423351135742,-2.0201292709616463
1.343508243560791,1.1102423351135742,-2.0201292709616463
1.3448641300201416,1.1102423351135742,-2.0201292709616463
1.361138105392456,1.1102423351135742,-2.0201292709616463
1.3621819019317627,1.1102423351135742,-2.0201292709616463
1.363178014755249,1.1102423351135742,-2.0201292709616463
1.3641412258148193,1.1102423351135742,-2.0201292709616463
1.3652124404907227,1.1102423351135742,-2.0201292709616463
1.36649489402771,1.1102423351135742,-2.0201292709616463
1.367781639099121,1.1102423351135742,-2.0201292709616463
1.3690686225891113,1.1102423351135742,-2.0201292709616463
1.370190143585205,1.1102423351135742,-2.0201292709616463
1.3711161613464355,1.1102423351135742,-2.0201292709616463
1.372354507446289,1.1102423351135742,-2.0201292709616463
1.3733253479003906,1.1102423351135742,-2.0201292709616463
1.3743195533752441,1.1102423351135742,-2.0201292709616463
1.3753395080566406,1.1102423351135742,-2.0201292709616463
1.3763353824615479,1.1102423351135742,-2.0201292709616463
1.3773078918457031,1.1102423351135742,-2.0201292709616463
1.378084421157837,1.1102423351135742,-2.0201292709616463
1.3791189193725586,1.1102423351135742,-2.0201292709616463
1.3801162242889404,1.1102423351135742,-2.0201292709616463
1.381115436553955,1.1102423351135742,-2.0201292709616463
1.3821144104003906,1.1102423351135742,-2.0201292709616463
1.3831150531768799,1.1102423351135742,-2.0201292709616463
1.3841161727905273,1.1102423351135742,-2.0201292709616463
1.3851227760314941,1.1102423351135742,-2.0201292709616463
1.3864078521728516,1.1102423351135742,-2.0201292709616463
1.3876862525939941,1.1102423351135742,-2.0201292709616463
1.3888075351715088,1.1102423351135742,-2.0201292709616463
1.3898332118988037,1.1102423351135742,-2.0201292709616463
1.3907017707824707,1.1102423351135742,-2.0201292709616463
1.3916947841644287,1.1102423351135742,-2.0201292709616463
1.3927087783813477,1.1102423351135742,-2.0201292709616463
1.3937623500823975,1.1102423351135742,-2.0201292709616463
1.3947553634643555,1.1102423351135742,-2.0201292709616463
1.3957557678222656,1.1102423351135742,-2.0201292709616463
1.3967571258544922,1.1102423351135742,-2.0201292709616463
1.397754192352295,1.1102423351135742,-2.0201292709616463
1.3987209796905518,1.1102423351135742,-2.0201292709616463
1.3997540473937988,1.1102423351135742,-2.0201292709616463
1.4007568359375,1.1102423351135742,-2.0201292709616463
1.4017534255981445,1.1102423351135742,-2.0201292709616463
1.402754306793213,1.1102423351135742,-2.0201292709616463
1.4037537574768066,1.1102423351135742,-2.0201292709616463
1.4047532081604004,1.1102423351135742,-2.0201292709616463
1.4057185649871826,1.1102423351135742,-2.0201292709616463
1.40675687789917,1.1102423351135742,-2.0201292709616463
1.4077544212341309,1.1102423351135742,-2.0201292709616463
1.408933401107788,1.1102423351135742,-2.0201292709616463
1.4102344512939453,1.1102423351135742,-2.0201292709616463
1.4114291667938232,1.1102423351135742,-2.0201292709616463
1.4124467372894287,1.1102423351135742,-2.0201292709616463
1.4136602878570557,1.1102423351135742,-2.0201292709616463
1.4147815704345703,1.1102423351135742,-2.0201292709616463
1.415783405303955,1.1102423351135742,-2.0201292709616463
1.4167816638946533,1.1102423351135742,-2.0201292709616463
1.417781114578247,1.1102423351135742,-2.0201292709616463
1.418781042098999,1.1102423351135742,-2.0201292709616463
1.4196650981903076,1.1102423351135742,-2.0201292709616463
1.4207806587219238,1.1102423351135742,-2.0201292709616463
1.4216728210449219,1.1102423351135742,-2.0201292709616463
1.422708511352539,1.1102423351135742,-2.0201292709616463
1.423705816268921,1.1102423351135742,-2.0201292709616463
1.4247055053710938,1.1102423351135742,-2.0201292709616463
1.4259538650512695,1.1102423351135742,-2.0201292709616463
1.426713228225708,1.1102423351135742,-2.0201292709616463
1.4274635314941406,1.1102423351135742,-2.0201292709616463
1.4287440776824951,1.1102423351135742,-2.0201292709616463
1.4297730922698975,1.1102423351135742,-2.0201292709616463
1.4310991764068604,1.1102423351135742,-2.0201292709616463
1.4324281215667725,1.1102423351135742,-2.0201292709616463
1.4334440231323242,1.1102423351135742,-2.0201292709616463
1.4346795082092285,1.1102423351135742,-2.0201292709616463
1.4356746673583984,1.1102423351135742,-2.0201292709616463
1.4366638660430908,1.1102423351135742,-2.0201292709616463
1.4377326965332031,1.1102423351135742,-2.0201292709616463
1.4389979839324951,1.1102423351135742,-2.0201292709616463
1.4399683475494385,1.1102423351135742,-2.0201292709616463
1.4407567977905273,1.1102423351135742,-2.0201292709616463
1.4419806003570557,1.1102423351135742,-2.0201292709616463
1.4429552555084229,1.1102423351135742,-2.0201292709616463
1.4439594745635986,1.1102423351135742,-2.0201292709616463
1.4449598789215088,1.1102423351135742,-2.0201292709616463
1.4457852840423584,1.1102423351135742,-2.0201292709616463
1.4467785358428955,1.1102423351135742,-2.0201292709616463
1.4477477073669434,1.1102423351135742,-2.0201292709616463
1.448779582977295,1.1102423351135742,-2.0201292709616463
1.4497783184051514,1.1102423351135742,-2.0201292709616463
1.4507782459259033,1.1102423351135742,-2.0201292709616463
1.4517781734466553,1.1102423351135742,-2.0201292709616463
1.4527795314788818,1.1102423351135742,-2.0201292709616463
1.4537830352783203,1.1102423351135742,-2.0201292709616463
1.4548404216766357,1.1102423351135742,-2.0201292709616463
1.4560983180999756,1.1102423351135742,-2.0201292709616463
1.4573285579681396,1.1102423351135742,-2.0201292709616463
1.4586169719696045,1.1102423351135742,-2.0201292709616463
1.459726095199585,1.1102423351135742,-2.0201292709616463
1.4607243537902832,1.1102423351135742,-2.0201292709616463
1.4616641998291016,1.1102423351135742,-2.0201292709616463
1.4627373218536377,1.1102423351135742,-2.0201292709616463
1.46372389793396,1.1102423351135742,-2.0201292709616463
1.4649033546447754,1.1102423351135742,-2.0201292709616463
1.4656691551208496,1.1102423351135742,-2.0201292709616463
1.4666643142700195,1.1102423351135742,-2.0201292709616463
1.4676635265350342,1.1102423351135742,-2.0201292709616463
1.468628168106079,1.1102423351135742,-2.0201292709616463
1.46966552734375,1.1102423351135742,-2.0201292709616463
1.4706652164459229,1.1102423351135742,-2.0201292709616463
1.4716651439666748,1.1102423351135742,-2.0201292709616463
1.4726624488830566,1.1102423351135742,-2.0201292709616463
1.4736621379852295,1.1102423351135742,-2.0201292709616463
1.4748485088348389,1.1102423351135742,-2.0201292709616463
1.4761221408843994,1.1102423351135742,-2.0201292709616463
1.477294683456421,1.1102423351135742,-2.0201292709616463
1.4785199165344238,1.1102423351135742,-2.0201292709616463
1.4796271324157715,1.1102423351135742,-2.0201292709616463
1.4806275367736816,1.1102423351135742,-2.0201292709616463
1.4816269874572754,1.1102423351135742,-2.0201292709616463
1.4826266765594482,1.1102423351135742,-2.0201292709616463
1.4836275577545166,1.1102423351135742,-2.0201292709616463
1.4846267700195312,1.1102423351135742,-2.0201292709616463
1.4855520725250244,1.1102423351135742,-2.0201292709616463
1.4865365028381348,1.1102423351135742,-2.0201292709616463
1.4875681400299072,1.1102423351135742,-2.0201292709616463
1.48881196975708,1.1102423351135742,-2.0201292709616463
1.489551067352295,1.1102423351135742,-2.0201292709616463
1.4908223152160645,1.1102423351135742,-2.0201292709616463
1.4917843341827393,1.1102423351135742,-2.0201292709616463
1.4927871227264404,1.1102423351135742,-2.0201292709616463
1.4937808513641357,1.1102423351135742,-2.0201292709616463
1.494837999343872,1.1102423351135742,-2.0201292709616463
1.4958593845367432,1.1102423351135742,-2.0201292709616463
1.4972984790802002,1.1102423351135742,-2.0201292709616463
1.4986355304718018,1.1102423351135742,-2.0201292709616463
1.4999160766601562,1.1102423351135742,-2.0201292709616463
1.5006439685821533,1.1102423351135742,-2.0201292709616463
1.5016508102416992,1.1102423351135742,-2.0201292709616463
1.502690315246582,1.1102423351135742,-2.0201292709616463
1.5036492347717285,1.1102423351135742,-2.0201292709616463
1.5049397945404053,1.1102423351135742,-2.0201292709616463
1.5059118270874023,1.1102423351135742,-2.0201292709616463
1.5069077014923096,1.1102423351135742,-2.0201292709616463
1.5076920986175537,1.1102423351135742,-2.0201292709616463
1.5086822509765625,1.1102423351135742,-2.0201292709616463
1.5096838474273682,1.1102423351135742,-2.0201292709616463
1.511232614517212,1.1102423351135742,-2.0201292709616463
1.5122506618499756,1.1102423351135742,-2.0201292709616463
1.513258934020996,1.1102423351135742,-2.0201292709616463
1.514258861541748,1.1102423351135742,-2.0201292709616463
1.5152597427368164,1.1102423351135742,-2.0201292709616463
1.5162980556488037,1.1102423351135742,-2.0201292709616463
1.5172626972198486,1.1102423351135742,-2.0201292709616463
1.5182600021362305,1.1102423351135742,-2.0201292709616463
1.5192594528198242,1.1102423351135742,-2.0201292709616463
1.5202598571777344,1.1102423351135742,-2.0201292709616463
1.5212609767913818,1.1102423351135742,-2.0201292709616463
1.522261619567871,1.1102423351135742,-2.0201292709616463
1.523301601409912,1.1102423351135742,-2.0201292709616463
1.5242984294891357,1.1102423351135742,-2.0201292709616463
1.5252962112426758,1.1102423351135742,-2.0201292709616463
1.5263023376464844,1.1102423351135742,-2.0201292709616463
1.527848243713379,1.1102423351135742,-2.0201292709616463
1.5288965702056885,1.1102423351135742,-2.0201292709616463
1.5298967361450195,1.1102423351135742,-2.0201292709616463
1.5308635234832764,1.1102423351135742,-2.0201292709616463
1.5318973064422607,1.1102423351135742,-2.0201292709616463
1.5328972339630127,1.1102423351135742,-2.0201292709616463
1.5338587760925293,1.1102423351135742,-2.0201292709616463
1.5348970890045166,1.1102423351135742,-2.0201292709616463
1.5359022617340088,1.1102423351135742,-2.0201292709616463
1.5368969440460205,1.1102423351135742,-2.0201292709616463
1.5378639698028564,1.1102423351135742,-2.0201292709616463
1.5388994216918945,1.1102423351135742,-2.0201292709616463
1.5398972034454346,1.1102423351135742,-2.0201292709616463
1.540900468826294,1.1102423351135742,-2.0201292709616463
1.5418989658355713,1.1102423351135742,-2.0201292709616463
1.5428998470306396,1.1102423351135742,-2.0201292709616463
1.543898344039917,1.1102423351135742,-2.0201292709616463
1.5448980331420898,1.1102423351135742,-2.0201292709616463
1.5458984375,1.1102423351135742,-2.0201292709616463
1.546898365020752,1.1102423351135742,-2.0201292709616463
1.547903299331665,1.1102423351135742,-2.0201292709616463
1.5638720989227295,1.1102423351135742,-2.0201292709616463
1.5649003982543945,1.1102423351135742,-2.0201292709616463
1.56585693359375,1.1102423351135742,-2.0201292709616463
1.5669007301330566,1.1102423351135742,-2.0201292709616463
1.5679028034210205,1.1102423351135742,-2.0201292709616463
1.5689005851745605,1.1102423351135742,-2.0201292709616463
1.5699002742767334,1.1102423351135742,-2.0201292709616463
1.5709021091461182,1.1102423351135742,-2.0201292709616463
1.5719001293182373,1.1102423351135742,-2.0201292709616463
1.5728654861450195,1.1102423351135742,-2.0201292709616463
1.5738999843597412,1.1102423351135742,-2.0201292709616463
1.5749022960662842,1.1102423351135742,-2.0201292709616463
1.5759000778198242,1.1102423351135742,-2.0201292709616463
1.5769004821777344,1.1102423351135742,-2.0201292709616463
1.5779006481170654,1.1102423351135742,-2.0201292709616463
1.578902244567871,1.1102423351135742,-2.0201292709616463
1.5799005031585693,1.1102423351135742,-2.0201292709616463
1.5819058418273926,1.1102423351135742,-2.0201292709616463
1.5819058418273926,1.1102423351135742,-2.0201292709616463
1.5829007625579834,1.1102423351135742,-2.0201292709616463
1.5839002132415771,1.1102423351135742,-2.0201292709616463
1.5849015712738037,1.1102423351135742,-2.0201292709616463
1.5858747959136963,1.1102423351135742,-2.0201292709616463
1.586904764175415,1.1102423351135742,-2.0201292709616463
1.5879011154174805,1.1102423351135742,-2.0201292709616463
1.5888993740081787,1.1102423351135742,-2.0201292709616463
1.5899019241333008,1.1102423351135742,-2.0201292709616463
1.5909039974212646,1.1102423351135742,-2.0201292709616463
1.5919005870819092,1.1102423351135742,-2.0201292709616463
1.59285569190979,1.1102423351135742,-2.0201292709616463
1.5939011573791504,1.1102423351135742,-2.0201292709616463
1.5949022769927979,1.1102423351135742,-2.0201292709616463
1.595907211303711,1.1102423351135742,-2.0201292709616463
1.5969011783599854,1.1102423351135742,-2.0201292709616463
1.5979018211364746,1.1102423351135742,-2.0201292709616463
1.5989010334014893,1.1102423351135742,-2.0201292709616463
1.5998563766479492,1.1102423351135742,-2.0201292709616463
1.6009008884429932,1.1102423351135742,-2.0201292709616463
1.601900577545166,1.1102423351135742,-2.0201292709616463
1.602903127670288,1.1102423351135742,-2.0201292709616463
1.6039009094238281,1.1102423351135742,-2.0201292709616463
1.6048991680145264,1.1102423351135742,-2.0201292709616463
1.6059021949768066,1.1102423351135742,-2.0201292709616463
1.6068568229675293,1.1102423351135742,-2.0201292709616463
1.6079025268554688,1.1102423351135742,-2.0201292709616463
1.6089017391204834,1.1102423351135742,-2.0201292709616463
1.609908103942871,1.1102423351135742,-2.0201292709616463
1.6108713150024414,1.1102423351135742,-2.0201292709616463
1.6118719577789307,1.1102423351135742,-2.0201292709616463
1.6129024028778076,1.1102423351135742,-2.0201292709616463
1.6139109134674072,1.1102423351135742,-2.0201292709616463
1.6149559020996094,1.1102423351135742,-2.0201292709616463
1.6159543991088867,1.1102423351135742,-2.0201292709616463
1.6169555187225342,1.1102423351135742,-2.0201292709616463
1.617955207824707,1.1102423351135742,-2.0201292709616463
1.6189558506011963,1.1102423351135742,-2.0201292709616463
1.6199579238891602,1.1102423351135742,-2.0201292709616463
1.6209087371826172,1.1102423351135742,-2.0201292709616463
1.621955394744873,1.1102423351135742,-2.0201292709616463
1.6229567527770996,1.1102423351135742,-2.0201292709616463
1.623955488204956,1.1102423351135742,-2.0201292709616463
1.6249523162841797,1.1102423351135742,-2.0201292709616463
1.62595534324646,1.1102423351135742,-2.0201292709616463
1.626957893371582,1.1102423351135742,-2.0201292709616463
1.6279091835021973,1.1102423351135742,-2.0201292709616463
1.628465175628662,1.1102423351135742,-2.0201292709616463
1.6295161247253418,1.1102423351135742,-2.0201292709616463
1.6305184364318848,1.1102423351135742,-2.0201292709616463
1.6315207481384277,1.1102423351135742,-2.0201292709616463
1.6325187683105469,1.1102423351135742,-2.0201292709616463
1.6335194110870361,1.1102423351135742,-2.0201292709616463
1.6344854831695557,1.1102423351135742,-2.0201292709616463
1.63551926612854,1.1102423351135742,-2.0201292709616463
1.6365199089050293,1.1102423351135742,-2.0201292709616463
1.6375186443328857,1.1102423351135742,-2.0201292709616463
1.6385209560394287,1.1102423351135742,-2.0201292709616463
1.6395189762115479,1.1102423351135742,-2.0201292709616463
1.6405184268951416,1.1102423351135742,-2.0201292709616463
1.6414730548858643,1.1102423351135742,-2.0201292709616463
1.6425185203552246,1.1102423351135742,-2.0201292709616463
1.643522024154663,1.1102423351135742,-2.0201292709616463
1.6445186138153076,1.1102423351135742,-2.0201292709616463
1.6455163955688477,1.1102423351135742,-2.0201292709616463
1.6465184688568115,1.1102423351135742,-2.0201292709616463
1.6475210189819336,1.1102423351135742,-2.0201292709616463
1.6484737396240234,1.1102423351135742,-2.0201292709616463
1.6495208740234375,1.1102423351135742,-2.0201292709616463
1.6505193710327148,1.1102423351135742,-2.0201292709616463
1.6515183448791504,1.1102423351135742,-2.0201292709616463
1.6525201797485352,1.1102423351135742,-2.0201292709616463
1.653519630432129,1.1102423351135742,-2.0201292709616463
1.6545212268829346,1.1102423351135742,-2.0201292709616463
1.6554734706878662,1.1102423351135742,-2.0201292709616463
1.6565194129943848,1.1102423351135742,-2.0201292709616463
1.657520055770874,1.1102423351135742,-2.0201292709616463
1.6585195064544678,1.1102423351135742,-2.0201292709616463
1.6595232486724854,1.1102423351135742,-2.0201292709616463
1.6605195999145508,1.1102423351135742,-2.0201292709616463
1.6615169048309326,1.1102423351135742,-2.0201292709616463
1.6624729633331299,1.1102423351135742,-2.0201292709616463
1.6635229587554932,1.1102423351135742,-2.0201292709616463
1.6645185947418213,1.1102423351135742,-2.0201292709616463
1.6655185222625732,1.1102423351135742,-2.0201292709616463
1.666520357131958,1.1102423351135742,-2.0201292709616463
1.6675193309783936,1.1102423351135742,-2.0201292709616463
1.6685214042663574,1.1102423351135742,-2.0201292709616463
1.6694722175598145,1.1102423351135742,-2.0201292709616463
1.670522689819336,1.1102423351135742,-2.0201292709616463
1.6715199947357178,1.1102423351135742,-2.0201292709616463
1.672520399093628,1.1102423351135742,-2.0201292709616463
1.6735196113586426,1.1102423351135742,-2.0201292709616463
1.6745197772979736,1.1102423351135742,-2.0201292709616463
1.675522804260254,1.1102423351135742,-2.0201292709616463
1.6764724254608154,1.1102423351135742,-2.0201292709616463
1.6775171756744385,1.1102423351135742,-2.0201292709616463
1.6785190105438232,1.1102423351135742,-2.0201292709616463
1.6795215606689453,1.1102423351135742,-2.0201292709616463
1.6805193424224854,1.1102423351135742,-2.0201292709616463
1.6815192699432373,1.1102423351135742,-2.0201292709616463
1.6825194358825684,1.1102423351135742,-2.0201292709616463
1.6834726333618164,1.1102423351135742,-2.0201292709616463
1.6845207214355469,1.1102423351135742,-2.0201292709616463
1.6855204105377197,1.1102423351135742,-2.0201292709616463
1.686483383178711,1.1102423351135742,-2.0201292709616463
1.6875193119049072,1.1102423351135742,-2.0201292709616463
1.6885275840759277,1.1102423351135742,-2.0201292709616463
1.6895170211791992,1.1102423351135742,-2.0201292709616463
1.69047212600708,1.1102423351135742,-2.0201292709616463
1.6915206909179688,1.1102423351135742,-2.0201292709616463
1.6925182342529297,1.1102423351135742,-2.0201292709616463
1.6935150623321533,1.1102423351135742,-2.0201292709616463
1.694516897201538,1.1102423351135742,-2.0201292709616463
1.695518970489502,1.1102423351135742,-2.0201292709616463
1.6965172290802002,1.1102423351135742,-2.0201292709616463
1.6974833011627197,1.1102423351135742,-2.0201292709616463
1.6985173225402832,1.1102423351135742,-2.0201292709616463
1.699516773223877,1.1102423351135742,-2.0201292709616463
1.700516939163208,1.1102423351135742,-2.0201292709616463
1.7015149593353271,1.1102423351135742,-2.0201292709616463
1.7025198936462402,1.1102423351135742,-2.0201292709616463
1.703514575958252,1.1102423351135742,-2.0201292709616463
1.705522060394287,1.1102423351135742,-2.0201292709616463
1.7065155506134033,1.1102423351135742,-2.0201292709616463
1.7075188159942627,1.1102423351135742,-2.0201292709616463
1.7085158824920654,1.1102423351135742,-2.0201292709616463
1.709517002105713,1.1102423351135742,-2.0201292709616463
1.710515022277832,1.1102423351135742,-2.0201292709616463
1.7114801406860352,1.1102423351135742,-2.0201292709616463
1.712514877319336,1.1102423351135742,-2.0201292709616463
1.7135648727416992,1.1102423351135742,-2.0201292709616463
1.714564323425293,1.1102423351135742,-2.0201292709616463
1.7155640125274658,1.1102423351135742,-2.0201292709616463
1.7165629863739014,1.1102423351135742,-2.0201292709616463
1.717564344406128,1.1102423351135742,-2.0201292709616463
1.7185297012329102,1.1102423351135742,-2.0201292709616463
1.7195634841918945,1.1102423351135742,-2.0201292709616463
1.7205660343170166,1.1102423351135742,-2.0201292709616463
1.7215633392333984,1.1102423351135742,-2.0201292709616463
1.7225298881530762,1.1102423351135742,-2.0201292709616463
1.7235639095306396,1.1102423351135742,-2.0201292709616463
1.724562644958496,1.1102423351135742,-2.0201292709616463
1.7255654335021973,1.1102423351135742,-2.0201292709616463
1.7265634536743164,1.1102423351135742,-2.0201292709616463
1.7281131744384766,1.1102423351135742,-2.0201292709616463
1.7291622161865234,1.1102423351135742,-2.0201292709616463
1.7301650047302246,1.1102423351135742,-2.0201292709616463
1.7311627864837646,1.1102423351135742,-2.0201292709616463
1.7321622371673584,1.1102423351135742,-2.0201292709616463
1.7331643104553223,1.1102423351135742,-2.0201292709616463
1.7341618537902832,1.1102423351135742,-2.0201292709616463
1.7351653575897217,1.1102423351135742,-2.0201292709616463
1.7371859550476074,1.1102423351135742,-2.0201292709616463
1.7381634712219238,1.1102423351135742,-2.0201292709616463
1.739130973815918,1.1102423351135742,-2.0201292709616463
1.7401645183563232,1.1102423351135742,-2.0201292709616463
1.741163969039917,1.1102423351135742,-2.0201292709616463
1.742163896560669,1.1102423351135742,-2.0201292709616463
1.7431633472442627,1.1102423351135742,-2.0201292709616463
1.7441651821136475,1.1102423351135742,-2.0201292709616463
1.745164155960083,1.1102423351135742,-2.0201292709616463
1.7461657524108887,1.1102423351135742,-2.0201292709616463
1.7471630573272705,1.1102423351135742,-2.0201292709616463
1.7481696605682373,1.1102423351135742,-2.0201292709616463
1.74916410446167,1.1102423351135742,-2.0201292709616463
1.7501637935638428,1.1102423351135742,-2.0201292709616463
1.7511670589447021,1.1102423351135742,-2.0201292709616463
1.7641870975494385,1.1102423351135742,-2.0201292709616463
1.7651667594909668,1.1102423351135742,-2.0201292709616463
1.766164779663086,1.1102423351135742,-2.0201292709616463
1.76716947555542,1.1102423351135742,-2.0201292709616463
1.7681682109832764,1.1102423351135742,-2.0201292709616463
1.769162893295288,1.1102423351135742,-2.0201292709616463
1.7701644897460938,1.1102423351135742,-2.0201292709616463
1.771167278289795,1.1102423351135742,-2.0201292709616463
1.7721645832061768,1.1102423351135742,-2.0201292709616463
1.7731645107269287,1.1102423351135742,-2.0201292709616463
1.7741656303405762,1.1102423351135742,-2.0201292709616463
1.7751655578613281,1.1102423351135742,-2.0201292709616463
1.7761659622192383,1.1102423351135742,-2.0201292709616463
1.777165174484253,1.1102423351135742,-2.0201292709616463
1.778167486190796,1.1102423351135742,-2.0201292709616463
1.7791650295257568,1.1102423351135742,-2.0201292709616463
1.7801716327667236,1.1102423351135742,-2.0201292709616463
1.7811346054077148,1.1102423351135742,-2.0201292709616463
