t,theta_ideal0,theta_ideal1,theta_ideal2,theta_dot_ideal0,theta_dot_ideal1,theta_dot_ideal2,tau_ideal0,tau_ideal1,tau_ideal2
0.0,-2.7571960135470728,-0.3843965383781136,2.8479813883268053,0.0,0.0,0.0,0.8968633534724342,-0.9080876093113327,3.422519807724122
0.003012048192771082,-2.7574480458493555,-0.3845512852089654,2.8472703783301756,-0.0007475781444698274,-0.0004678672586339334,-0.0021537011490023665,0.895429057586672,-0.9067441325024136,3.4244797608243758
0.006024096385542164,-2.7576974145010986,-0.38470752226543303,2.846552388646786,-0.0014937276257628368,-0.0009368664986252313,-0.004305268657240745,0.8939861770074289,-0.9053924768812145,3.426457158941987
0.009036144578313246,-2.7579465694714123,-0.3848639612506577,2.8458346879102545,-0.002238447181814394,-0.0014069980008118398,-0.0064547075905539,0.8925441659563134,-0.904042097011568,3.428433121812072
0.012048192771084328,-2.758195485620079,-0.38502058935809114,2.8451173419799005,-0.0029817355215693616,-0.0018782620309824244,-0.008602023607332242,0.8911031558057088,-0.90269312339241,3.430407476975578
0.01506024096385541,-2.758444163059228,-0.38517740648990784,2.8444003508495084,-0.0037235913617662602,-0.0023506588583074362,-0.010747222193290263,0.8896631490857003,-0.9013455577358724,3.4323802229596154
0.01807228915662649,-2.758692601643374,-0.3853344126749014,2.8436837139128115,-0.00446401341913141,-0.0028241887518736623,-0.012890308806313356,0.8882241476116102,-0.8999994010395327,3.4343513598585287
0.021084337349397575,-2.7589408012296732,-0.38549160794311366,2.842967430560142,-0.005203000410535589,-0.003298851980613623,-0.015031288879318311,0.8867861531875312,-0.8986546542897035,3.4363208877853713
0.024096385542168655,-2.759188761675267,-0.3856489923245865,2.8422515001838704,-0.005940551052992793,-0.0037746488133047944,-0.017170167820443935,0.8853491676173164,-0.897311318472414,3.438288806857765
0.027108433734939735,-2.7594364828373075,-0.385806565849349,2.8415359221784433,-0.00667666406366143,-0.004251579518569901,-0.019306951013203705,0.8839131927046273,-0.8959693945734597,3.4402551171977933
0.03012048192771082,-2.75968396457296,-0.3859643285474177,2.8408206959403826,-0.007411338159845444,-0.004729644364877233,-0.021441643816637032,0.8824782302529415,-0.8946288835784135,3.442219818931958
0.0331325301204819,-2.7599312067394006,-0.3861222804487956,2.8401058208682644,-0.008144572058995422,-0.0052088436205409445,-0.023574251565458903,0.8810442820655245,-0.8932897864725988,3.444182912191239
0.03614457831325298,-2.7601782091938185,-0.3862804215834732,2.8393912963627224,-0.00887636447870977,-0.005689177553721393,-0.025704779570209193,0.8796113499454529,-0.8919521042411118,3.446144397111038
0.03915662650602406,-2.760424971793414,-0.38643875198142896,2.838677121826424,-0.009606714136735773,-0.006170646432425441,-0.027833233117400036,0.8781794356955807,-0.8906158378687942,3.44810427383123
0.04216867469879515,-2.7606714943954,-0.3865972716726276,2.8379632966640673,-0.010335619750970753,-0.0066532505245067985,-0.029959617469662567,0.8767485411185454,-0.8892809883402374,3.4500625424961493
0.04518072289156623,-2.760917776857,-0.38675598068702044,2.8372498202823713,-0.011063080039463168,-0.007136990097666325,-0.03208393786589265,0.8753186680167633,-0.8879475566397811,3.4520192032545864
0.04819277108433731,-2.7611638190354535,-0.38691487905454935,2.8365366920900623,-0.011789093720413701,-0.007621865419452442,-0.03420619952139524,0.8738898181924175,-0.8866155437515033,3.453974256259803
0.05120481927710839,-2.761409620788008,-0.3870739668051395,2.835823911497876,-0.0125136595121764,-0.00810787675726136,-0.036326407628028114,0.8724619934474708,-0.885284950659234,3.4559277016695122
0.05421686746987947,-2.7616551819719275,-0.38723324396870584,2.835111477918523,-0.013236776133259727,-0.008595024378337519,-0.0384445673543436,0.8710351955836212,-0.8839557783465162,3.457879539645934
0.05722891566265056,-2.761900502444485,-0.38739271057515046,2.834399390766708,-0.013958442302327704,-0.0090833085497739,-0.040560683845730854,0.8696094264023437,-0.8826280277966444,3.459829770355735
0.06024096385542164,-2.762145582062968,-0.3875523666543612,2.833687649459101,-0.014678656738200927,-0.009572729538512358,-0.04267476222455534,0.8681846877048477,-0.8813016999926262,3.461778393970084
0.06325301204819272,-2.7623904206846754,-0.3877122122362153,2.832976253414333,-0.015397418159857736,-0.010063287611344012,-0.04478680759029857,0.8667609812920931,-0.8799767959172023,3.463725410664632
0.0662650602409638,-2.7626350181669213,-0.38787224735057624,2.8322652020529935,-0.016114725286435243,-0.010554983034909614,-0.046896825019696546,0.8653383089647838,-0.8786533165528407,3.4656708206195064
0.06927710843373489,-2.762879374367029,-0.3880324720272952,2.8315544947976052,-0.01683057683723037,-0.011047816075699875,-0.04900481956687625,0.8639166725233435,-0.8773312628817116,3.4676146240193533
0.07228915662650597,-2.763123489142338,-0.3881928862962116,2.83084413107263,-0.017544971531701033,-0.011541787000055887,-0.05111079626349276,0.8624960737679339,-0.8760106358857126,3.46955682105331
0.07530120481927705,-2.7633673623501975,-0.3883534901871508,2.8301341103044537,-0.018257908089467072,-0.012036896074169428,-0.053214760118864064,0.861076514498442,-0.8746914365464538,3.471497411915012
0.07831325301204813,-2.7636109938479745,-0.3885142837299276,2.8294244319213755,-0.018969385230311407,-0.012533143564083454,-0.05531671612010554,0.8596579965144717,-0.8733736658452541,3.4734363968026116
0.0813253012048192,-2.763854383493043,-0.38867526695434207,2.8287150953536004,-0.019679401674181016,-0.013030529735692346,-0.057416669232263066,0.8582405216153408,-0.8720573247631409,3.4753737759187757
0.0843373493975903,-2.764097531142795,-0.38883643989018424,2.8280061000332246,-0.020387956141188088,-0.013529054854742418,-0.059514624398445216,0.8568240916000723,-0.8707424142808375,3.4773095494707067
0.08734939759036138,-2.7643404366546327,-0.38899780256723004,2.8272974453942443,-0.021095047351610954,-0.014028719186832225,-0.06161058653995554,0.855408708267412,-0.8694289353787928,3.479243717670101
0.09036144578313246,-2.764583099885974,-0.38915935501524346,2.826589130872521,-0.021800674025895216,-0.014529522997413034,-0.0637045605564218,0.8539943734157882,-0.8681168890371348,3.4811762807332145
0.09337349397590354,-2.7648255206942487,-0.38932109726397646,2.8258811559057913,-0.0225048348846547,-0.015031466551789163,-0.06579655132592623,0.852581088843337,-0.8668062762357001,3.4831072388808315
0.09638554216867462,-2.7650676989368996,-0.3894830293431679,2.8251735199336503,-0.02320752864867258,-0.015534550115118438,-0.06788656370513384,0.8511688563478852,-0.8654970979540207,3.4850365923382784
0.0993975903614457,-2.7653096344713846,-0.3896451512825463,2.824466222397544,-0.02390875403890232,-0.01603877395241259,-0.06997460252942003,0.8497576777269481,-0.8641893551713232,3.4869643413354368
0.10240963855421678,-2.7655513271551726,-0.3898074631118247,2.8237592627407624,-0.024608509776468765,-0.01654413832853758,-0.07206067261299741,0.8483475547777268,-0.862883048866528,3.488890486106739
0.10542168674698786,-2.7657927768457506,-0.3899699648607067,2.8230526404084335,-0.025306794582669098,-0.017050643508214246,-0.07414477874904209,0.8469384892971162,-0.861578180018258,3.4908150268911604
0.10843373493975894,-2.7660339834006145,-0.3901326565588825,2.8223463548474985,-0.026003607178973858,-0.01755828975601847,-0.0762269257098169,0.8455304830816636,-0.8602747496048028,3.4927379639322824
0.11144578313253004,-2.7662749466772762,-0.39029553823603,2.8216404055067272,-0.02669894628702802,-0.018067077336381774,-0.0783071182467977,0.8441235379276171,-0.8589727586041668,3.494659297478222
0.11445783132530112,-2.7665156665332615,-0.3904586099218159,2.8209347918366907,-0.02739281062865188,-0.01857700651359171,-0.08038536109079482,0.8427176556308823,-0.8576722079940284,3.4965790277816944
0.1174698795180722,-2.7667561428261105,-0.3906218716458931,2.8202295132897577,-0.028085198925842155,-0.019088077551792263,-0.08246165895207552,0.8413128379870285,-0.856373098751749,3.498497155100006
0.12048192771084328,-2.7669963754133757,-0.39078532343790373,2.819524569320092,-0.02877610990077291,-0.019600290714984352,-0.08453601652048622,0.8399090867912998,-0.8550754318543861,3.5004136796950456
0.12349397590361436,-2.7672363641526254,-0.390948965327478,2.818819959383638,-0.02946554227579656,-0.020113646267026265,-0.08660843846557228,0.8385064038385975,-0.8537792082786786,3.5023286018332986
0.12650602409638545,-2.7674761089014406,-0.39111279734423277,2.8181156829381138,-0.030153494773444867,-0.02062814447163404,-0.08867892943669779,0.8371047909234828,-0.8524844290010508,3.5042419217858645
0.12951807228915652,-2.7677156095174174,-0.3912768195177738,2.817411739443002,-0.030839966116429925,-0.021143785592382024,-0.09074749406316424,0.8357042498401682,-0.8511910949976066,3.506153639828455
0.1325301204819276,-2.767954865858166,-0.39144103187769463,2.8167081283595428,-0.031524955027645074,-0.021660569892703332,-0.09281413695432865,0.8343047823825209,-0.8498992072441344,3.5080637562413974
0.13554216867469868,-2.7681938777813104,-0.3916054344535769,2.8160048491507244,-0.032208460230165936,-0.02217849763589022,-0.09487886269972064,0.8329063903440539,-0.8486087667161036,3.509972271309656
0.13855421686746977,-2.7684326451444896,-0.3917700272749902,2.815301901281277,-0.03289048044725133,-0.02269756908509459,-0.09694167586915867,0.8315090755179346,-0.8473197743886699,3.5118791853228166
0.14156626506024084,-2.768671167805357,-0.39193481037149214,2.814599284217662,-0.03357101440234426,-0.023217784503328544,-0.09900258101286567,0.830112839696967,-0.8460322312366673,3.513784498575113
0.14457831325301193,-2.7689094456215804,-0.3920997837726292,2.813896997428068,-0.03425006081907282,-0.023739144153464814,-0.10106158266158351,0.8287176846736047,-0.844746138234615,3.515688211365426
0.14759036144578302,-2.769147478450841,-0.3922649475079343,2.8131950403823915,-0.03492761842125122,-0.024261648298237164,-0.10311868532668629,0.8273236122399296,-0.8434614963567064,3.517590323997303
0.1506024096385541,-2.769385266150838,-0.3924303016069308,2.8124934125522496,-0.03560368593288061,-0.024785297200241044,-0.105173893500295,0.8259306241876748,-0.8421783065768306,3.5194908367789313
0.15361445783132519,-2.769622808579281,-0.3925958460991281,2.811792113410949,-0.0362782620781502,-0.025310091121933935,-0.10722721165538775,0.8245387223081961,-0.840896569868544,3.5213897500231974
0.15662650602409625,-2.7698601055938967,-0.3927615810140255,2.811091142433493,-0.03695134558143791,-0.025836030325635976,-0.10927864424591237,0.823147908392485,-0.8396162872050905,3.52328706404765
0.15963855421686735,-2.770097157052428,-0.3929275063811095,2.810390499096567,-0.03762293516731164,-0.02636311507353034,-0.11132819570689695,0.821758184231166,-0.8383374595593984,3.5251827791745325
0.1626506024096384,-2.7703339628126304,-0.39309362222985555,2.8096901828785374,-0.03829302956052987,-0.026891345627663852,-0.11337587045455973,0.8203695516144922,-0.8370600879040812,3.5270768957307745
0.1656626506024095,-2.7705705227322746,-0.3932599285897278,2.808990193259434,-0.038961627486042816,-0.027420722249947453,-0.11542167288641766,0.8189820123323416,-0.8357841732114305,3.5289694140480248
0.1686746987951806,-2.770806836669147,-0.3934264254901767,2.8082905297209546,-0.039628727668993224,-0.027951245202156652,-0.11746560738139614,0.8175955681742251,-0.8345097164534332,3.5308603344626173
0.17168674698795167,-2.771042904481049,-0.39359311296064337,2.80759119174644,-0.04029432883471724,-0.028482914745932234,-0.11950767829993421,0.8162102209292619,-0.8332367186017452,3.532749657315633
0.17469879518072276,-2.7712787260257974,-0.3937599910305565,2.8068921788208843,-0.04095842970874541,-0.029015731142780624,-0.12154788998409387,0.8148259723862042,-0.8319651806277211,3.53463738295287
0.17771084337349383,-2.7715143011612238,-0.3939270597293336,2.806193490430918,-0.04162102901680355,-0.029549694654074418,-0.12358624675766498,0.8134428243334263,-0.8306951035024038,3.5365235117248535
0.18072289156626492,-2.771749629745176,-0.39409431908638015,2.805495126064802,-0.042282125484813575,-0.03008480554105307,-0.1256227529262707,0.8120607785589159,-0.8294264881965188,3.538408043986864
0.183734939759036,-2.7719847116355147,-0.3942617691310901,2.804797085212419,-0.04294171783889446,-0.03062106406482325,-0.12765741277747214,0.8106798368502819,-0.8281593356804862,3.5402909800989257
0.18674698795180708,-2.7722195466901187,-0.39442940989284647,2.8040993673652643,-0.04359980480536305,-0.031158470486359537,-0.12969023058087198,0.8093000009947424,-0.8268936469244088,3.542172320425844
0.18975903614457815,-2.7724541347668827,-0.39459724140102104,2.8034019720164474,-0.04425638511073496,-0.03169702506650495,-0.13172121058821845,0.8079212727791417,-0.8256294228980939,3.5440520653371714
0.19277108433734924,-2.7726884757237125,-0.3947652636849732,2.8027048986606777,-0.0449114574817256,-0.032236728065971235,-0.13375035703350766,0.8065436539899409,-0.824366664571043,3.5459302152072416
0.19578313253012034,-2.772922569418535,-0.394933476774052,2.8020081467942504,-0.0455650206452507,-0.03277757974533993,-0.13577767413308384,0.8051671464131986,-0.8231053729124408,3.547806770415196
0.1987951807228914,-2.7731564157092885,-0.39510188069759455,2.8013117159150562,-0.046217073328427435,-0.03331958036506251,-0.13780316608574275,0.8037917518346059,-0.8218455488911884,3.549681731344946
0.2018072289156625,-2.77339001445393,-0.3952704754849272,2.8006156055225553,-0.046867614258575274,-0.03386273018546116,-0.13982683707282983,0.8024174720394479,-0.8205871934758677,3.5515550983852355
0.20481927710843356,-2.7736233655104305,-0.395439261165365,2.7999198151177893,-0.047516642163216626,-0.03440702946672929,-0.14184869125834196,0.8010443088126401,-0.8193303076347817,3.5534268719295965
0.20783132530120466,-2.7738564687367786,-0.3956082377682111,2.7992243442033535,-0.04816415577007791,-0.0349524784689321,-0.14386873278902396,0.7996722639386901,-0.818074892335918,3.5552970523764125
0.21084337349397572,-2.7740893239909763,-0.39577740532275874,2.7985291922834072,-0.04881015380709025,-0.03549907745200718,-0.14588696579446928,0.7983013392017309,-0.8168209485469857,3.5571656401288743
0.21385542168674682,-2.7743219311310425,-0.39594676385828853,2.797834358863659,-0.04945463500239041,-0.036046826675765115,-0.1479033943872165,0.7969315363855014,-0.8155684772353995,3.5590326355950315
0.21686746987951788,-2.774554290015015,-0.3961163134040724,2.7971398434513572,-0.050097598084321536,-0.03659572639989016,-0.1499180226628459,0.7955628572733475,-0.814317479368279,3.5608980391877822
0.21987951807228898,-2.774786400500942,-0.39628605398936756,2.7964456455552904,-0.05073904178143398,-0.03714577688394056,-0.1519308547000767,0.7941953036482311,-0.8130679559124641,3.5627618513248813
0.22289156626506007,-2.7750182624468933,-0.39645598564342355,2.79575176468577,-0.05137896482248615,-0.037696978387349506,-0.15394189456086146,0.7928288772927153,-0.8118199078345049,3.564624072428964
0.22590361445783114,-2.7752498757109514,-0.39662610839547763,2.7950582003546334,-0.05201736593644536,-0.03824933116942553,-0.15595114629048226,0.7914635799889793,-0.8105733361006742,3.566484702927538
0.22891566265060223,-2.7754812401512177,-0.39679642227475576,2.7943649520752323,-0.05265424385248856,-0.038802835489353205,-0.1579586139176446,0.7900994135188114,-0.8093282416769642,3.5683437432530054
0.2319277108433733,-2.7757123556258065,-0.3969669273104732,2.79367201936243,-0.05328959730000311,-0.03935749160619365,-0.15996430145457094,0.7887363796636156,-0.8080846255291015,3.57020119384266
0.2349397590361444,-2.7759432219928524,-0.3971376235318358,2.7929794017325844,-0.05392342500858767,-0.039913299778885386,-0.1619682128970936,0.787374480204395,-0.8068424886225251,3.5720570551387216
0.23795180722891546,-2.776173839110503,-0.3973085109680361,2.792287098703553,-0.054555725708053004,-0.04047026026624465,-0.16397035222474732,0.7860137169217726,-0.805601831922415,3.5739113275883154
0.24096385542168655,-2.776404206836925,-0.39747958964825747,2.791595109794679,-0.05518649812842267,-0.04102837332696629,-0.16597072340086153,0.7846540915959802,-0.8043626563936841,3.5757640116435017
0.24397590361445765,-2.776634325030299,-0.3976508596016721,2.7909034345267907,-0.05581574099993379,-0.04158763921962433,-0.167969330372651,0.7832956060068661,-0.8031249630009849,3.5776151077612726
0.2469879518072287,-2.7768641935488256,-0.3978223208574416,2.79021207242218,-0.05644345305303783,-0.0421480582026725,-0.16996617707130487,0.7819382619338742,-0.8018887527086959,3.5794646164035973
0.2499999999999998,-2.7770938122507185,-0.39799397344471665,2.78952102300462,-0.05706963301840153,-0.04270963053444507,-0.1719612674120806,0.7805820611560851,-0.8006540264809607,3.581312538037371
0.2530120481927709,-2.7773231809942107,-0.39816581739263723,2.788830285799337,-0.05769427962690744,-0.043272356473157386,-0.17395460529438894,0.7792270054521796,-0.7994207852816602,3.5831588731344817
0.25602409638554197,-2.777552299637551,-0.39833785273033406,2.7881398603330148,-0.05831739160965485,-0.0438362362769066,-0.17594619460188549,0.7778730966004581,-0.7981890300744289,3.5850036221717874
0.25903614457831303,-2.777781168039005,-0.3985100794869254,2.7874497461337837,-0.05893896769796036,-0.04440127020367219,-0.17793603920255716,0.7765203363788352,-0.7969587618226561,3.5868467856311423
0.2620481927710841,-2.7780097860568542,-0.39868249769152,2.7867599427312157,-0.05955900662335882,-0.04496745851131678,-0.17992414294881054,0.7751687265648413,-0.7957299814894893,3.5886883639994056
0.2650602409638552,-2.7782381535494,-0.39885510737321606,2.786070449656318,-0.060177507117603925,-0.04553480145758683,-0.1819105096775587,0.7738182689356291,-0.7945026900378431,3.5905283577684433
0.2680722891566263,-2.778466270374957,-0.3990279085611004,2.7853812664415316,-0.06079446791266902,-0.046103299300113136,-0.18389514321030792,0.7724689652679737,-0.7932768884304015,3.592366767435139
0.27108433734939735,-2.7786941363918602,-0.3992009012842519,2.7846923926207103,-0.06140988774074781,-0.04667295229641173,-0.18587804735324182,0.7711208173382599,-0.7920525776296113,3.594203593501429
0.2740963855421685,-2.7789217514584585,-0.3993740855717365,2.78400382772913,-0.06202376533425513,-0.04724376070388436,-0.18785922589730827,0.7697738269225036,-0.7908297585977017,3.5960388364742815
0.27710843373493954,-2.7791491154331207,-0.39954746145261044,2.7833155713034783,-0.0626360994258274,-0.047815724779819324,-0.1898386826183043,0.7684279957963489,-0.7896084322966888,3.597872496865712
0.2801204819277106,-2.7793762281742316,-0.3997210289559212,2.7826276228818436,-0.06324688874832388,-0.048388844781392236,-0.19181642127695842,0.7670833257350593,-0.788388599688366,3.59970457519281
0.2831325301204817,-2.779603089540193,-0.39989478811070356,2.781939982003708,-0.06385613203482675,-0.048963120965666476,-0.19379244561901432,0.7657398185135211,-0.7871702617343125,3.601535071977757
0.2861445783132528,-2.7798296993894245,-0.4000687389459854,2.78125264820995,-0.06446382801864228,-0.04953855358959423,-0.19576675937531593,0.7643974759062591,-0.7859534193959105,3.603363987747802
0.28915662650602386,-2.780056057580363,-0.400242881490781,2.780565621042832,-0.0650699754333013,-0.05011514291001683,-0.1977393662618876,0.7630562996874263,-0.7847380736343416,3.6051913230352954
0.29216867469879493,-2.780282163971462,-0.40041721577409617,2.779878900045992,-0.06567457301255984,-0.050692889183665706,-0.19971026998001604,0.7617162916308056,-0.7835242254105828,3.6070170783777145
0.29518072289156605,-2.7805080184211945,-0.4005917418249274,2.779192484764446,-0.06627761949040012,-0.05127179266716323,-0.20167947421633367,0.7603774535098209,-0.7823118756854315,3.6088412543176367
0.2981927710843371,-2.7807336207880473,-0.40076645967225955,2.7785063747445697,-0.06687911360103078,-0.05185185361702312,-0.2036469826428962,0.7590397870975244,-0.7811010254194887,3.6106638514027924
0.3012048192771082,-2.7809589709305302,-0.4009413693450692,2.777820569534106,-0.06747905407888793,-0.0524330722896515,-0.205612798917266,0.757703294166619,-0.7798916755731841,3.6124848701860444
0.30421686746987925,-2.781184068707166,-0.4011164708723216,2.777135068682149,-0.06807743965863564,-0.05301544894134727,-0.20757692668258962,0.7563679764894429,-0.7786838271067686,3.6143043112254127
0.30722891566265037,-2.7814089139764953,-0.40129176428297253,2.7764498717391435,-0.06867426907516658,-0.05359898382830328,-0.20953936956767788,0.7550338358379841,-0.777477480980326,3.616122175084084
0.31024096385542144,-2.78163350659708,-0.4014672496059686,2.7757649782568734,-0.0692695410636028,-0.054183677206606745,-0.21150013118708377,0.7537008739838644,-0.7762726381537657,3.6179384623304287
0.3132530120481925,-2.7818578464274966,-0.4016429268702455,2.7750803877884587,-0.06986325435929626,-0.0547695293322401,-0.21345921514118063,0.752369092698365,-0.7750692995868461,3.619753173538015
0.3162650602409636,-2.782081933326341,-0.4018187961047308,2.7743960998883583,-0.07045540769782961,-0.05535654046108192,-0.21541662501624217,0.7510384937524238,-0.773867466239178,3.621566309285591
0.3192771084337347,-2.7823057671522244,-0.40199485733834006,2.773712114112347,-0.07104599981501646,-0.05594471084890727,-0.21737236438451468,0.749709078916621,-0.7726671390702111,3.6233778701571446
0.32228915662650576,-2.78252934776378,-0.40217111059998123,2.7730284300175256,-0.07163502944690263,-0.05653404075138911,-0.21932643680429906,0.7483808499612074,-0.771468319039269,3.6251878567418627
0.3253012048192768,-2.7827526750196547,-0.4023475559185521,2.772345047162305,-0.07222249532976617,-0.05712453042409846,-0.2212788458200225,0.7470538086560846,-0.7702710071055278,3.626996269634195
0.32831325301204795,-2.7829757487785174,-0.4025241933229404,2.7716619651064027,-0.07280839620011839,-0.05771618012250547,-0.22322959496231629,0.7457279567708215,-0.7690752042280387,3.628803109433828
0.331325301204819,-2.783198568899052,-0.40270102284202514,2.770979183410839,-0.07339273079470421,-0.05830899010198023,-0.22517868774808966,0.744403296074648,-0.7678809113657241,3.6306083767457205
0.3343373493975901,-2.783421135239962,-0.40287804450467446,2.7702967016379376,-0.07397549785050293,-0.058902960617793425,-0.22712612768060755,0.7430798283364818,-0.7666881294774068,3.632412072180077
0.3373493975903612,-2.7836434476599683,-0.40305525833974887,2.7696145193513004,-0.07455669610472875,-0.0594980919251173,-0.22907191824955886,0.7417575553248885,-0.7654968595217733,3.634214196352429
0.34036144578313227,-2.7838655060178104,-0.4032326643760986,2.7689326361158235,-0.07513632429483141,-0.06009438427902622,-0.23101606293113564,0.740436478808129,-0.7643071024574247,3.636014749883576
0.34337349397590333,-2.7840873101722465,-0.40341026264256485,2.7682510514976832,-0.07571438115849687,-0.06069183793449783,-0.23295856518810382,0.7391166005541411,-0.7631188592428626,3.637813733399635
0.3463855421686744,-2.784308859982051,-0.4035880531679783,2.767569765064322,-0.07629086543364753,-0.061290453146413404,-0.23489942846987466,0.7377979223305365,-0.7619321308364841,3.6396111475320563
0.3493975903614455,-2.784530155306021,-0.40376603598116323,2.7668887763844583,-0.07686577585844333,-0.06189023016955923,-0.23683865621258005,0.7364804459046242,-0.7607469181966168,3.64140699291761
0.3524096385542166,-2.784751196002966,-0.4039442111109306,2.766208085028067,-0.07743911117128176,-0.06249116925862674,-0.2387762518391402,0.7351641730433955,-0.7595632222814976,3.6432012701984333
0.35542168674698765,-2.784971981931719,-0.4041225785860869,2.7655276905663904,-0.07801087011079899,-0.0630932706682141,-0.24071221875934015,0.7338491055135491,-0.7583810440493086,3.644993980021995
0.3584337349397587,-2.785192512951129,-0.40430113843542603,2.764847592571911,-0.07858105141587014,-0.0636965346528264,-0.2426465603698945,0.7325352450814653,-0.7572003844581494,3.6467851230411696
0.36144578313252984,-2.7854127889200644,-0.40447989068773404,2.764167790618369,-0.07914965382560962,-0.06430096146687689,-0.24457928005452317,0.7312225935132436,-0.7560212444660794,3.6485746999141884
0.3644578313253009,-2.78563280969741,-0.40465883537178815,2.763488284280737,-0.07971667607937212,-0.06490655136468755,-0.24651038118401675,0.7299111525746761,-0.7548436250310959,3.6503627113047026
0.367469879518072,-2.7858525751420737,-0.4048379725163571,2.762809073135231,-0.08028211691675295,-0.06551330460049028,-0.24843986711630994,0.7286009240312752,-0.7536675271111631,3.6521491578817518
0.3704819277108431,-2.786072085112977,-0.40501730215019927,2.762130156759288,-0.08084597507758838,-0.06612122142842736,-0.25036774119654615,0.7272919096482582,-0.7524929516641988,3.653934040319833
0.37349397590361416,-2.7862913394690643,-0.4051968243020667,2.7614515347315822,-0.08140824930195653,-0.06673030210255265,-0.25229400675715064,0.7259841111905715,-0.7513198996481059,3.6557173592988437
0.37650602409638523,-2.786510338069295,-0.40537653900069937,2.7607732066320003,-0.08196893833017771,-0.06734054687683215,-0.25421866711789554,0.7246775304228804,-0.7501483720207596,3.6574991155041516
0.3795180722891563,-2.7867290807726506,-0.4055564462748309,2.7600951720416433,-0.08252804090281482,-0.06795195600514516,-0.2561417255859671,0.7233721691095727,-0.7489783697400193,3.6592793096265863
0.3825301204819274,-2.7869475674381285,-0.40573654615318566,2.759417430542828,-0.08308555576067404,-0.06856452974128496,-0.2580631854560363,0.722068029014781,-0.7478098937637518,3.6610579423624445
0.3855421686746985,-2.7871657979247475,-0.40591683866447936,2.758739981719071,-0.08364148164480543,-0.06917826833895975,-0.25998305001032207,0.7207651119023649,-0.7466429450498163,3.6628350144135142
0.38855421686746955,-2.7873837720915438,-0.4060973238374195,2.758062825155089,-0.08419581729650308,-0.06979317205179353,-0.2619013225186585,0.7194634195359274,-0.7454775245560846,3.66461052648709
0.39156626506024067,-2.7876014897975723,-0.4062780017007033,2.7573859604367943,-0.0847485614573059,-0.07040924113332707,-0.2638180062385623,0.7181629536788243,-0.7443136332404536,3.666384479295979
0.39457831325301174,-2.787818950901908,-0.40645887228302247,2.756709387151285,-0.08529971286899794,-0.07102647583701864,-0.2657331044152959,0.716863716094149,-0.7431512720608349,3.6681568735585204
0.3975903614457828,-2.788036155263645,-0.4066399356130581,2.7560331048868467,-0.08584927027360909,-0.07164487641624509,-0.2676466202819346,0.7155657085447625,-0.7419904419751845,3.669927709998593
0.40060240963855387,-2.788253102741894,-0.4068211917194833,2.755357113232945,-0.08639723241341525,-0.07226444312430261,-0.2695585570594308,0.7142689327932892,-0.7408311439415042,3.6716969893456226
0.403614457831325,-2.7884697931957882,-0.40700264063096325,2.7546814117802154,-0.08694359803093904,-0.07288517621440771,-0.27146891795667655,0.7129733906021102,-0.7396733789178381,3.673464712334619
0.40662650602409606,-2.788686226484477,-0.40718428237615467,2.754006000120467,-0.08748836586895016,-0.07350707593969821,-0.2733777061705701,0.7116790837333863,-0.7385171478622984,3.6752308797061595
0.4096385542168671,-2.788902402467132,-0.40736611698370684,2.7533308778466665,-0.0880315346704658,-0.07413014255323412,-0.27528492488607553,0.7103860139490447,-0.7373624517330567,3.676995492206441
0.41265060240963825,-2.789118321002941,-0.4075481444822595,2.7526560445529507,-0.08857310317875126,-0.07475437630799835,-0.2771905772762921,0.7090941830108172,-0.7362092914883801,3.6787585505872333
0.4156626506024093,-2.7893339819511125,-0.40773036490044556,2.7519814998345984,-0.08911307013732019,-0.075379777456898,-0.2790946665025082,0.7078035926801934,-0.7350576680865962,3.6805200556059656
0.4186746987951804,-2.789549385170875,-0.4079127782668883,2.751307243288046,-0.08965143428993512,-0.07600634625276508,-0.28099719571427145,0.7065142447184783,-0.7339075824861466,3.6822800080256872
0.42168674698795144,-2.7897645305214755,-0.4080953846102058,2.75063327451087,-0.09018819438060803,-0.07663408294835763,-0.28289816804944595,0.7052261408867656,-0.7327590356455678,3.684038408615102
0.42469879518072257,-2.789979417862179,-0.40827818395900484,2.7499595931017913,-0.09072334915360043,-0.07726298779636026,-0.2847975866342758,0.7039392829459616,-0.7316120285235153,3.68579525814858
0.42771084337349363,-2.790194047052272,-0.40846117634188683,2.749286198660662,-0.09125689735342413,-0.07789306104938576,-0.28669545458344486,0.7026536726567756,-0.7304665620787596,3.6875505574061633
0.4307228915662647,-2.7904084179510598,-0.40864436178744445,2.7486130907884636,-0.09178883772484143,-0.07852430295997541,-0.2885917750001376,0.7013693117797345,-0.7293226372702045,3.689304307173601
0.43373493975903576,-2.7906225304178673,-0.4088277403242624,2.7479402690873096,-0.09231916901286566,-0.07915671378060045,-0.29048655097610154,0.7000862020751943,-0.7281802550568987,3.6910565082423314
0.4367469879518069,-2.7908363843120387,-0.40901131198091845,2.747267733160424,-0.09284788996276146,-0.0797902937636627,-0.2923797855917022,0.6988043453033268,-0.7270394163980277,3.6928071614095392
0.43975903614457795,-2.7910499794929367,-0.40919507678598177,2.746595482612154,-0.09337499932004523,-0.08042504316149574,-0.2942714819159883,0.6975237432241462,-0.7259001222529464,3.694556267478124
0.442771084337349,-2.791263315819945,-0.40937903476801485,2.7459235170479586,-0.09390049583048547,-0.08106096222636583,-0.2961616430067482,0.6962443975975133,-0.7247623735811815,3.696303827256737
0.44578313253012014,-2.791476393152468,-0.40956318595557195,2.7452518360743974,-0.0944243782401035,-0.08169805121047291,-0.29805027191056654,0.6949663101831197,-0.7236261713424218,3.6980498415598144
0.4487951807228912,-2.7916892113499268,-0.4097475303772007,2.7445804392991398,-0.09494664529517315,-0.08233631036595158,-0.29993737166288836,0.6936894827405258,-0.7224915164965604,3.6997943112075387
0.4518072289156623,-2.7919017702717643,-0.4099320680614402,2.743909326330943,-0.09546729574222167,-0.08297573994487219,-0.30182294528806947,0.6924139170291379,-0.7213584100036728,3.7015372370259247
0.45481927710843334,-2.7921140697774423,-0.4101167990368233,2.74323849677967,-0.0959863283280301,-0.08361634019924158,-0.30370699579944294,0.6911396148082464,-0.7202268528240597,3.7032786198467518
0.45783132530120446,-2.7923261097264414,-0.410301723331874,2.742567950256262,-0.09650374179963314,-0.08425811138100443,-0.30558952619936836,0.689866577837,-0.7190968459182245,3.705018460507659
0.4608433734939755,-2.7925378899782656,-0.41048684097511146,2.7418976863727433,-0.09701953490432012,-0.08490105374204415,-0.3074705394792926,0.6885948078744243,-0.7179683902468964,3.70675675985211
0.4638554216867466,-2.792749410392435,-0.41067215199504536,2.7412277047422244,-0.09753370638963485,-0.08554516753418379,-0.3093500386198072,0.687324306679443,-0.7168414867710518,3.708493518729417
0.4668674698795177,-2.7929606708284895,-0.41085765642017935,2.7405580049788867,-0.09804625500337627,-0.08619045300918708,-0.311228026590703,0.6860550760108702,-0.7157161364519117,3.7102287379947594
0.4698795180722888,-2.793171671145992,-0.41104335427900995,2.739888586697983,-0.09855717949359855,-0.08683691041875975,-0.3131045063510262,0.6847871176274144,-0.7145923402509522,3.7119624185092
0.47289156626505985,-2.793382411204524,-0.4112292456000277,2.73921944951583,-0.0990664786086115,-0.0874845400145503,-0.3149794808491339,0.6835204332876965,-0.7134700991299197,3.7136945611397048
0.4759036144578309,-2.7935928908636845,-0.4114153304117134,2.73855059304981,-0.09957415109698109,-0.08813334204815101,-0.31685295302275035,0.6822550247502501,-0.7123494140508387,3.7154251667591405
0.47891566265060204,-2.793803109983095,-0.4116016087425438,2.737882016918356,-0.10008019570752934,-0.08878331677109917,-0.3187249257990197,0.6809908937735276,-0.7112302859760203,3.7171542362463104
0.4819277108433731,-2.794013068422397,-0.41178808062098704,2.7372137207409595,-0.10058461118933498,-0.08943446443487794,-0.3205954020945627,0.6797280421159133,-0.7101127158680806,3.718881770485958
0.48493975903614417,-2.794222766041252,-0.4119747460755063,2.736545704138156,-0.10108739629173356,-0.09008678529091782,-0.32246438481552947,0.6784664715357248,-0.7089967046899407,3.7206077703687823
0.4879518072289153,-2.7944322026993405,-0.41216160513455624,2.7358779667315316,-0.10158854976431786,-0.09074027959059705,-0.32433187685765513,0.6772061837912328,-0.7078822534048539,3.722332236791449
0.49096385542168636,-2.794641378256363,-0.41234865782658536,2.7352105081437053,-0.10208807035693805,-0.09139494758524333,-0.32619788110630965,0.6759471806406435,-0.7067693629763918,3.7240551706566207
0.4939759036144574,-2.794850292572043,-0.41253590418003716,2.7345433279983347,-0.10258595681970206,-0.0920507895261345,-0.32806240043655566,0.6746894638421331,-0.7056580343684795,3.7257765728729604
0.4969879518072285,-2.7950589455061188,-0.41272334422334556,2.733876425920106,-0.10308220790297573,-0.09270780566449977,-0.32992543771319643,0.6734330351538363,-0.7045482685453885,3.7274964443551553
0.4999999999999996,-2.7952673369183545,-0.41291097798494136,2.7332098015347386,-0.10357682235738336,-0.09336599625152085,-0.33178699579083437,0.6786799903133695,-0.7046378024271026,3.7417634391228116
0.5030120481927707,-2.795475466668531,-0.41309880549324696,2.7325434544689684,-0.10344662648510208,-0.09346233542133703,-0.3316491908222169,0.6838181053185374,-0.7046280701781492,3.755991275545586
0.5060240963855418,-2.7956833346164522,-0.4132868267766787,2.7318773843505486,-0.10331636095025404,-0.09355868865964481,-0.33151157041063867,0.6824546833481187,-0.7034214793568248,3.7576685999450614
0.5090361445783128,-2.795890940621937,-0.41347504186364725,2.731211590808258,-0.10318602576301766,-0.09365505596329675,-0.33137413405410593,0.6810917842178943,-0.7022157308219847,3.7593440542703696
0.5120481927710839,-2.796098284544831,-0.41366345078255695,2.7305460734718716,-0.10305562093358521,-0.09375143732917757,-0.33123688125266926,0.6797294393556748,-0.7010108554863324,3.7610176479419493
0.515060240963855,-2.7963053662449964,-0.4138520535618053,2.729880831972179,-0.10292514647216242,-0.09384783275420391,-0.33109981150842194,0.6783676525589664,-0.6998068564583375,3.762689381743575
0.5180722891566261,-2.796512185582318,-0.41404085022978565,2.7292158659409704,-0.10279460238896808,-0.09394424223532476,-0.3309629243254843,0.6770064241518063,-0.6986037333507648,3.7643592553688654
0.5210843373493972,-2.7967187424166964,-0.4142298408148819,2.7285511750110305,-0.10266398869423428,-0.09404066576952114,-0.3308262192099938,0.6756457544563229,-0.6974014857743636,3.766027268510309
0.5240963855421682,-2.7969250366080596,-0.41441902534547626,2.727886758816143,-0.10253330539820601,-0.09413710335380727,-0.33068969567009826,0.6742856437927379,-0.6962001133378779,3.7676934208592394
0.5271084337349393,-2.7971310680163497,-0.4146084038499418,2.7272226169910834,-0.10240255251114101,-0.0942335549852294,-0.3305533532159427,0.6729260924793606,-0.6949996156480345,3.7693577121058666
0.5301204819277104,-2.7973368365015325,-0.41479797635664695,2.7265587491716,-0.10227173004330951,-0.09433002066086707,-0.3304171913596563,0.6715671008325629,-0.6937999923095233,3.771020141939297
0.5331325301204815,-2.7975423419235934,-0.4149877428939548,2.7258951549944372,-0.10214083800499435,-0.09442650037783262,-0.33028120961534985,0.6702086691668164,-0.6926012429250384,3.7726807100474846
0.5361445783132526,-2.79774758414254,-0.4151777034902231,2.725231834097311,-0.10200987640649027,-0.0945229941332718,-0.33014540749909915,0.6688507977946574,-0.6914033670952381,3.7743394161172934
0.5391566265060237,-2.797952563018396,-0.4153678581738016,2.724568786118912,-0.10187884525810441,-0.0946195019243633,-0.330009784528938,0.6674934870266965,-0.6902063644187624,3.7759962598344625
0.5421686746987947,-2.798157278411212,-0.41555820697303814,2.723906010698899,-0.10174774457015555,-0.09471602374831965,-0.329874340224847,0.6661367371716084,-0.6890102344922219,3.777651240883634
0.5451807228915658,-2.7983617301810533,-0.415748749916272,2.7232435074779,-0.10161657435297414,-0.09481255960238671,-0.32973907410874453,0.6647805485361389,-0.6878149769102017,3.779304358948347
0.548192771084337,-2.7985659181880096,-0.4159394870318389,2.722581276097503,-0.10148533461690228,-0.09490910948384443,-0.3296039857044773,0.6634249214250961,-0.6866205912652622,3.7809556137110403
0.551204819277108,-2.79876984229219,-0.4161304183480685,2.7219193162002595,-0.10135402537229334,-0.09500567339000635,-0.32946907453781016,0.6620698561413488,-0.6854270771479347,3.782605004853057
0.5542168674698791,-2.7989735023537223,-0.41632154389328524,2.7212576274296643,-0.10122264662951164,-0.09510225131822028,-0.32933434013641405,0.6607153529858112,-0.6842344341467042,3.7842525320546674
0.5572289156626502,-2.7991768982327603,-0.41651286369580953,2.7205962094301706,-0.10109119839893256,-0.09519884326586864,-0.3291997820298606,0.6593614122574583,-0.6830426618480349,3.7858981949950476
0.5602409638554212,-2.7993800297894724,-0.41670437778395364,2.719935061847183,-0.1009596806909427,-0.09529544923036747,-0.32906539974961124,0.6580080342533241,-0.6818517598363604,3.7875419933522867
0.5632530120481923,-2.7995828968840506,-0.4168960861860287,2.7192741843270345,-0.1008280935159386,-0.095392069209168,-0.32893119282900346,0.6566552192684701,-0.6806617276940602,3.7891839268034215
0.5662650602409633,-2.799785499376709,-0.4170879889303378,2.7186135765170127,-0.1006964368843275,-0.09548870319975598,-0.32879716080324906,0.6553029675960207,-0.6794725650014946,3.790823995024388
0.5692771084337345,-2.799987837127679,-0.41728008604518085,2.7179532380653315,-0.10056471080652685,-0.09558535119965197,-0.328663303209418,0.6539512795271311,-0.6782842713369713,3.792462197690075
0.5722891566265056,-2.800189909997215,-0.41747237755885225,2.7172931686211355,-0.10043291529296419,-0.0956820132064117,-0.3285296195864313,0.6526001553509938,-0.6770968462767601,3.7940985344743106
0.5753012048192766,-2.800391717845593,-0.41766486349964227,2.716633367834505,-0.10030105035407683,-0.09577868921762608,-0.32839610947505415,0.651249595354846,-0.6759102893950943,3.795733005049844
0.5783132530120477,-2.800593260533108,-0.41785754389583496,2.715973835356437,-0.10016911600031189,-0.09587537923092126,-0.32826277241788276,0.6498995998239494,-0.6747246002641547,3.7973656090883865
0.5813253012048188,-2.8007945379200767,-0.4180504187757117,2.715314570838853,-0.10003711224212589,-0.09597208324395895,-0.3281296079593379,0.6485501690415991,-0.6735397784540836,3.7989963462605836
0.5843373493975899,-2.8009955498668364,-0.4182434881675481,2.7146555739345892,-0.09990503908998466,-0.09606880125443656,-0.3279966156456545,0.6472013032891152,-0.6723558235329722,3.800625216236042
0.587349397590361,-2.801196296233745,-0.4184367520996155,2.713996844297397,-0.09977289655436321,-0.09616553326008724,-0.3278637950248734,0.645853002845848,-0.6711727350668687,3.8022522186833174
0.5903614457831321,-2.801396776881182,-0.41863021060018135,2.7133383815819347,-0.09964068464574538,-0.09626227925868024,-0.32773114564683103,0.6445052679891596,-0.6699905126197647,3.8038773532699297
0.5933734939759031,-2.8015969916695473,-0.4188238636975079,2.7126801854437677,-0.09950840337462397,-0.09635903924802085,-0.32759866706315216,0.6431580989944382,-0.668809155753608,3.8055006196623506
0.5963855421686742,-2.801796940459263,-0.4190177114198539,2.7120222555393667,-0.0993760527515003,-0.09645581322595065,-0.32746635882724084,0.6418114961350906,-0.6676286640282972,3.807122017526021
0.5993975903614452,-2.8019966231107682,-0.4192117537954734,2.7113645915260967,-0.09924363278688383,-0.09655260119034775,-0.3273342204942692,0.6404654596825304,-0.6664490370016692,3.8087415465253525
0.6024096385542164,-2.802196039484529,-0.4194059908526171,2.7107071930622197,-0.09911114349129249,-0.09664940313912693,-0.32720225162117156,0.6391199899061877,-0.6652702742295146,3.8103592063237226
0.6054216867469875,-2.802395189441028,-0.4196004226195307,2.710050059806888,-0.09897858487525221,-0.09674621907023952,-0.32707045176663396,0.6377750870734952,-0.6640923752655622,3.8119749965834897
0.6084337349397585,-2.8025940728407694,-0.41979504912445686,2.7093931914201494,-0.09884595694929668,-0.09684304898167401,-0.3269388204910874,0.6364307514499057,-0.6629153396614992,3.8135889169659714
0.6114457831325296,-2.8027926895442796,-0.41998987039563307,2.708736587562925,-0.09871325972396708,-0.0969398928714558,-0.3268073573566956,0.635086983298859,-0.6617391669669377,3.815200967131488
0.6144578313253007,-2.802991039412106,-0.4201848864612945,2.708080247897022,-0.09858049320981233,-0.09703675073764778,-0.3266760619273495,0.6337437828817987,-0.6605638567294357,3.8168111467393357
0.6174698795180718,-2.803189122304816,-0.4203800973496723,2.7074241720851244,-0.09844765741738848,-0.09713362257835012,-0.32654493376865806,0.6324011504581714,-0.6593894084944972,3.8184194554477897
0.6204819277108429,-2.8033869380829985,-0.4205755030889926,2.7067683597907966,-0.09831475235725858,-0.09723050839170039,-0.32641397244794,0.6310590862854265,-0.6582158218055689,3.8200258929141104
0.623493975903614,-2.803584486607264,-0.4207711037074795,2.7061128106784658,-0.0981817780399927,-0.09732740817587426,-0.3262831775342147,0.6297175906189953,-0.657043096204028,3.8216304587945586
0.626506024096385,-2.8037817677382435,-0.4209668992333524,2.7054575244134274,-0.09804873447616756,-0.09742432192908508,-0.3261525485981929,0.6283766637123013,-0.6558712312291881,3.8232331527443875
0.6295180722891561,-2.803978781336589,-0.42116288969482873,2.704802500661845,-0.09791562167636643,-0.09752124964958434,-0.3260220852122707,0.627036305816764,-0.6547002264183078,3.82483397441784
0.6325301204819272,-2.8041755272629745,-0.4213590751201217,2.7041477390907396,-0.0977824396511788,-0.09761819133566162,-0.3258917869505204,0.6256965171817858,-0.653530081306578,3.826432923468159
0.6355421686746983,-2.804372005378094,-0.421555455537441,2.703493239367992,-0.09764918841120024,-0.09771514698564499,-0.32576165338868107,0.6243572980547549,-0.6523607954271247,3.8280299995475855
0.6385542168674694,-2.8045682155426626,-0.42175203097499336,2.7028390011623307,-0.0975158679670325,-0.09781211659790108,-0.32563168410415066,0.6230186486810354,-0.6511923683110021,3.8296252023073776
0.6415662650602404,-2.8047641576174183,-0.4219488014609827,2.7021850241433434,-0.09738247832928294,-0.09790910017083528,-0.3255018786759806,0.6216805693039802,-0.6500247994872085,3.831218531397771
0.6445783132530115,-2.804959831463117,-0.4221457670236086,2.7015313079814565,-0.09724901950856456,-0.09800609770289148,-0.32537223668486315,0.620343060164912,-0.6488580884826644,3.8328099864680407
0.6475903614457826,-2.80515523694054,-0.4223429276910702,2.700877852347947,-0.0971154915154955,-0.09810310919255329,-0.3252427577131282,0.6190061215031353,-0.6476922348222297,3.8343995671664404
0.6506024096385536,-2.805350373910486,-0.42254028349156103,2.700224656914928,-0.09698189436069929,-0.09820013463834279,-0.3251134413447304,0.6176697535559228,-0.6465272380286902,3.8359872731402533
0.6536144578313248,-2.805545242233778,-0.4227378344532744,2.699571721355351,-0.09684822805480445,-0.09829717403882204,-0.3249842871652453,0.616333956558518,-0.6453630976227617,3.8375731040357737
0.6566265060240959,-2.805739841771257,-0.4229355806043986,2.6989190453430005,-0.09671449260844418,-0.0983942273925921,-0.32485529476185854,0.6149987307441326,-0.6441998131230882,3.839157059498308
0.6596385542168669,-2.805934172383787,-0.4231335219731198,2.6982666285524957,-0.09658068803225636,-0.09849129469829399,-0.32472646372336067,0.6136640763439523,-0.6430373840462498,3.840739139172175
0.662650602409638,-2.806128233932254,-0.423331658587623,2.6976144706592797,-0.0964468143368832,-0.09858837595460859,-0.3245977936401374,0.6123299935871209,-0.6418758099067485,3.8423193427007165
0.6656626506024091,-2.806322026277564,-0.4235299904760892,2.6969625713396206,-0.09631287153297119,-0.09868547116025679,-0.32446928410416204,0.6109964827007444,-0.6407150902170117,3.843897669726292
0.6686746987951802,-2.8065155492806437,-0.4237285176666976,2.696310930270607,-0.09617885963117087,-0.09878258031399953,-0.3243409347089879,0.609663543909891,-0.6395552244873965,3.845474119890288
0.6716867469879513,-2.8067088028024427,-0.4239272401876255,2.6956595471301465,-0.09604477864213648,-0.09887970341463817,-0.3242127450497413,0.6083311774375861,-0.6383962122261851,3.847048692833107
0.6746987951807224,-2.8069017867039303,-0.42412615806704657,2.695008421596963,-0.09591062857652616,-0.09897684046101454,-0.3240847147231138,0.6069993835048169,-0.637238052939589,3.848621388194177
0.6777108433734934,-2.807094500846099,-0.4243252713331347,2.6943575533505895,-0.09577640944500102,-0.09907399145201143,-0.32395684332735397,0.6056681623305159,-0.6360807461317365,3.8501922056119517
0.6807228915662645,-2.8072869450899596,-0.4245245800140587,2.693706942071364,-0.09564212125822591,-0.09917115638655201,-0.3238291304622588,0.6043375141315709,-0.6349242913046811,3.851761144723924
0.6837349397590355,-2.8074791192965476,-0.4247240841379878,2.69305658744044,-0.09550776402686849,-0.09926833526360078,-0.3237015757291704,0.6030074391228274,-0.6337686879584099,3.8533282051665902
0.6867469879518067,-2.8076710233269155,-0.4249237837330877,2.6924064891397634,-0.0953733377615992,-0.09936552808216308,-0.323574178730963,0.6016779375170715,-0.6326139355908215,3.8548933865755015
0.6897590361445778,-2.8078626570421426,-0.4251236788275241,2.6917566468520873,-0.0952388424730913,-0.09946273484128614,-0.32344693907204064,0.6003490095250426,-0.6314600336977464,3.8564566885852187
0.6927710843373488,-2.8080540203033246,-0.4253237694494587,2.6911070602609524,-0.09510427817202055,-0.09955995554005809,-0.323319856358325,0.5990206553554148,-0.6303069817729263,3.8580181108293514
0.6957831325301199,-2.8082451129715804,-0.4255240556270534,2.6904577290506984,-0.0949696448690647,-0.0996571901776091,-0.32319293019725226,0.5976928752148161,-0.6291547793080349,3.859577652940533
0.698795180722891,-2.808435934908051,-0.42572453738846794,2.6898086529064504,-0.09483494257490382,-0.0997544387531111,-0.3230661601977623,0.5963656693078029,-0.6280034257926543,3.861135314550439
0.701807228915662,-2.808626485973898,-0.4259252147618604,2.6891598315141287,-0.09470017130021972,-0.09985170126577804,-0.32293954597029634,0.59503903783689,-0.6268529207143071,3.8626910952897595
0.7048192771084332,-2.8088167660303034,-0.42612608777538763,2.6885112645604297,-0.09456533105569598,-0.09994897771486588,-0.32281308712678375,0.5937129810025146,-0.6257032635584194,3.8642449947882382
0.7078313253012043,-2.8090067749384713,-0.426327156457204,2.687862951732831,-0.09443042185201753,-0.10004626809967307,-0.32268678328063793,0.5923874990030508,-0.6245544538083394,3.865797012674655
0.7108433734939753,-2.8091965125596268,-0.42652842083546494,2.6872148927195934,-0.09429544369987075,-0.10014357241954051,-0.3225606340467513,0.5910625920348149,-0.6234064909453436,3.8673471485768123
0.7138554216867464,-2.809385978755018,-0.4267298809383231,2.6865670872097485,-0.09416039660994295,-0.10024089067385186,-0.3224346390414835,0.5897382602920486,-0.6222593744486189,3.868895402121564
0.7168674698795174,-2.8095751733859116,-0.42693153679393037,2.6859195348931,-0.0940252805929224,-0.10033822286203346,-0.32230879788265787,0.5884145039669254,-0.6211131037952731,3.8704417729347953
0.7198795180722886,-2.8097640963135975,-0.4271333884304378,2.685272235460224,-0.09389009565949792,-0.10043556898355492,-0.322183110189554,0.5870913232495516,-0.6199676784603366,3.871986260641425
0.7228915662650597,-2.809952747399385,-0.42733543587599576,2.684625188602457,-0.09375484182035897,-0.10053292903792867,-0.32205757558289844,0.5857687183279544,-0.6188230979167508,3.873528864865426
0.7259036144578307,-2.810141126504608,-0.42753767915875285,2.6839783940119064,-0.09361951908619529,-0.10063030302471067,-0.32193219368486203,0.5844466893880969,-0.6176793616353856,3.875069585229787
0.7289156626506018,-2.8103292334906183,-0.4277401183068581,2.6833318513814324,-0.09348412746769658,-0.10072769094350051,-0.3218069641190481,0.5831252366138526,-0.6165364690850148,3.8766084213565613
0.7319277108433729,-2.8105170682187914,-0.42794275334845966,2.6826855604046576,-0.09334866697555244,-0.1008250927939413,-0.32168188651048973,0.5818043601870319,-0.615394419732343,3.878145372866823
0.734939759036144,-2.810704630550522,-0.428145584311705,2.682039520775958,-0.09321313762045229,-0.10092250857572006,-0.32155696048564086,0.5804840602873572,-0.6142532130419859,3.879680439380689
0.7379518072289151,-2.8108919203472276,-0.42834861122474077,2.6813937321904575,-0.09307753941308478,-0.10101993828856788,-0.32143218567236886,0.579164337092466,-0.6131128484764679,3.8812136205173307
0.7409638554216862,-2.8110789374703478,-0.42855183411571374,2.6807481943440346,-0.09294187236413808,-0.10111738193225997,-0.32130756169995073,0.5778451907779272,-0.6119733254962467,3.8827449158949383
0.7439759036144572,-2.8112656817813413,-0.42875525301277007,2.6801029069333113,-0.09280613648429929,-0.10121483950661588,-0.3211830881990639,0.576526621517218,-0.6108346435596875,3.8842743251307503
0.7469879518072283,-2.8114521531416887,-0.42895886794405613,2.6794578696556517,-0.0926703317842544,-0.1013123110114997,-0.3210587648017796,0.5752086294817292,-0.6096968021230698,3.8858018478410545
0.7499999999999994,-2.811638351412893,-0.42916267893771765,2.678813082209162,-0.09253445827468816,-0.10140979644682045,-0.3209345911415583,0.5738912148407688,-0.6085598006405942,3.887327483641163
0.7530120481927705,-2.8118242764564787,-0.42936668602190187,2.678168544292686,-0.09239851596628373,-0.10150729581253173,-0.3208105668532409,0.5725743777615537,-0.6074236385643758,3.8888512321454347
0.7560240963855416,-2.81200992813399,-0.42957088922475406,2.6775242556058005,-0.09226250486972246,-0.10160480910863236,-0.32068669157304314,0.5712581184092139,-0.6062883153444452,3.890373092967271
0.7590361445783126,-2.812195306306992,-0.4297752885744197,2.6768802158488176,-0.09212642499568377,-0.10170233633516618,-0.3205629649385501,0.5699424369467899,-0.6051538304287516,3.891893065719096
0.7620481927710837,-2.812380410837074,-0.42997988409904675,2.676236424722772,-0.09199027635484514,-0.10179987749222275,-0.32043938658870663,0.5686273335352185,-0.60402018326315,3.8934111500124042
0.7650602409638548,-2.812565241585844,-0.43018467582678244,2.675592881929435,-0.09185405895788136,-0.101897432579937,-0.32031595616381575,0.5673128083333634,-0.6028873732914298,3.89492734545769
0.7680722891566258,-2.8127497984149317,-0.4303896637857725,2.6749495871712936,-0.09171777281546498,-0.10199500159848937,-0.3201926733055276,0.5659988614979751,-0.6017553999552797,3.8964416516645093
0.771084337349397,-2.81293408118599,-0.43059484800416703,2.6743065401515596,-0.09158141793826566,-0.10209258454810684,-0.32006953765683627,0.5646854931837153,-0.600624262694311,3.897954068241447
0.7740963855421681,-2.8131180897606898,-0.4308002285101129,2.6736637405741597,-0.09144499433694996,-0.10219018142906164,-0.31994654886207063,0.5633727035431452,-0.5994939609460465,3.8994645947961337
0.7771084337349391,-2.8133018240007264,-0.4310058053317598,2.673021188143742,-0.09130850202218158,-0.10228779224167295,-0.3198237065668918,0.562060492726731,-0.5983644941459311,3.9009732309352203
0.7801204819277102,-2.8134852837678137,-0.43121157849725944,2.6723788825656625,-0.09117194100462052,-0.10238541698630614,-0.3197010104182835,0.5607488608828362,-0.5972358617273215,3.9024799762643974
0.7831325301204813,-2.813668468923689,-0.4314175480347615,2.6717368235459906,-0.09103531129492348,-0.10248305566337305,-0.31957846006454776,0.5594378081577218,-0.5961080631214893,3.9039848303884024
0.7861445783132524,-2.81385137933011,-0.4316237139724184,2.6710950107915012,-0.09089861290374315,-0.10258070827333236,-0.31945605515529757,0.5581273346955451,-0.594981097757622,3.905487792910986
0.7891566265060235,-2.8140340148488545,-0.4318300763383831,2.6704534440096754,-0.09076184584172832,-0.10267837481668984,-0.3193337953414518,0.5568174406383634,-0.5938549650628245,3.9069888634349503
0.7921686746987945,-2.814216375341723,-0.4320366351608105,2.6698121229086977,-0.09062501011952356,-0.10277605529399819,-0.31921168027522867,0.5555081261261272,-0.592729664462119,3.908488041562111
0.7951807228915656,-2.814398460670538,-0.4322433904678564,2.6691710471974535,-0.09048810574776905,-0.10287374970585761,-0.3190897096101405,0.5541993912966818,-0.591605195378443,3.9099853268933207
0.7981927710843367,-2.8145802706971406,-0.43245034228767754,2.668530216585517,-0.09035113273710033,-0.10297145805291558,-0.31896788300098405,0.5528912362857543,-0.5904815572326397,3.9114807190284746
0.8012048192771077,-2.8147618052833945,-0.43265749064843306,2.667889630783169,-0.0902140910981481,-0.10306918033586734,-0.3188462001038406,0.5515836612269782,-0.5893587494434851,3.9129742175664752
0.8042168674698789,-2.8149430642911852,-0.4328648355782829,2.667249289501376,-0.0900769808415381,-0.10316691655545579,-0.31872466057606524,0.5502766662518711,-0.5882367714276635,3.9144658221052597
0.80722891566265,-2.815124047582418,-0.4330723771053888,2.666609192451792,-0.08993980197789067,-0.10326466671247211,-0.31860326407628176,0.548970251489833,-0.5871156225997703,3.9159555322418007
0.810240963855421,-2.8153047550190218,-0.4332801152579149,2.665969339346765,-0.08980255451782085,-0.10336243080775542,-0.3184820102643792,0.547664417068164,-0.5859953023723298,3.9174433475720742
0.8132530120481921,-2.8154851864629427,-0.4334880500640266,2.6653297298993195,-0.08966523847193787,-0.10346020884219333,-0.3183608988015025,0.5463591631120389,-0.5848758101557698,3.9189292676911
0.8162650602409632,-2.815665341776152,-0.4336961815518916,2.6646903638231674,-0.08952785385084527,-0.10355800081672181,-0.31823992935004936,0.5450544897445269,-0.5837571453584449,3.9204132921929045
0.8192771084337342,-2.8158452208206395,-0.433904509749679,2.6640512408326984,-0.08939040066514045,-0.10365580673232562,-0.31811910157366313,0.5437503970865751,-0.5826393073866213,3.9218954206705448
0.8222891566265054,-2.8160248234584166,-0.43411303468556084,2.663412360642976,-0.08925287892541421,-0.10375362659003848,-0.3179984151372268,0.5424468852570189,-0.5815222956444838,3.9233756527160892
0.8253012048192765,-2.816204149551517,-0.43432175638771175,2.6627737229697446,-0.08911528864225131,-0.10385146039094306,-0.3178778697068594,0.5411439543725746,-0.580406109534136,3.9248539879206232
0.8283132530120475,-2.8163831989619936,-0.4345306748843081,2.6621353275294135,-0.08897762982622948,-0.10394930813617134,-0.3177574649499072,0.5398416045478374,-0.579290748455597,3.926330425874254
0.8313253012048186,-2.8165619715519226,-0.43473979020352793,2.661497174039065,-0.08883990248791956,-0.1040471698269046,-0.3176372005349398,0.5385398358952846,-0.578176211806802,3.9278049661660934
0.8343373493975896,-2.8167404671833993,-0.43494910237355344,2.660859262216449,-0.0887021066378855,-0.10414504546437378,-0.317517076131745,0.5372386485252757,-0.5770624989836113,3.9292776083842726
0.8373493975903608,-2.816918685718541,-0.43515861142256895,2.660221591779978,-0.08856424228668351,-0.1042429350498596,-0.3173970914113223,0.5359380425460462,-0.5759496093797981,3.9307483521159243
0.8403614457831319,-2.8170966270194855,-0.435368317378761,2.6595841624487253,-0.08842630944486246,-0.10434083858469267,-0.31727724604587615,0.5346380180637031,-0.5748375423870503,3.9322171969472004
0.8433734939759029,-2.8172742909483923,-0.4355782202703191,2.658946973942429,-0.08828830812296339,-0.10443875607025371,-0.3171575397088143,0.5333385751822447,-0.573726297394988,3.933684142463245
0.846385542168674,-2.8174516773674414,-0.4357883201254369,2.6583100259814785,-0.08815023833151937,-0.10453668750797386,-0.31703797207473694,0.5320397140035287,-0.5726158737911351,3.9351491882482206
0.8493975903614451,-2.8176287861388345,-0.43599861697231,2.6576733182869208,-0.08801210008105514,-0.1046346328993347,-0.3169185428194358,0.5307414346272961,-0.5715062709609442,3.93661233388528
0.8524096385542161,-2.8178056171247925,-0.43620911083913727,2.6570368505804582,-0.08787389338208719,-0.10473259224586827,-0.31679925161988703,0.5294437371511657,-0.5703974882877905,3.938073578956578
0.8554216867469873,-2.8179821701875594,-0.436419801754121,2.656400622584436,-0.08773561824512323,-0.10483056554915772,-0.3166800981542443,0.5281466216706169,-0.5692895251529575,3.939532923043274
0.8584337349397584,-2.818158445189399,-0.4366306897454668,2.655764634021851,-0.08759727468066217,-0.10492855281083713,-0.316561082101835,0.5268500882790074,-0.5681823809356551,3.9409903657255225
0.8614457831325294,-2.818334441992596,-0.4368417748413844,2.6551288846163486,-0.08745886269919392,-0.1050265540325916,-0.31644220314315635,0.5255541370675729,-0.5670760550130232,3.9424459065824546
0.8644578313253005,-2.8185101604594562,-0.4370530570700861,2.6544933740922123,-0.08732038231119896,-0.10512456921615793,-0.31632346095986635,0.5242587681254091,-0.565970546760108,3.9438995451922136
0.8674698795180715,-2.818685600452306,-0.4372645364597887,2.6538581021743632,-0.08718183352714838,-0.10522259836332426,-0.31620485523478026,0.5229639815394784,-0.5648658555498798,3.9453512811319293
0.8704819277108427,-2.8188607618334935,-0.4374762130387124,2.653223068588372,-0.0870432163575035,-0.10532064147593051,-0.3160863856518683,0.5216697773946303,-0.5637619807532445,3.946801113977697
0.8734939759036138,-2.8190356444653863,-0.4376880868350812,2.6525882730604344,-0.08690453081271564,-0.10541869855586851,-0.31596805189624455,0.5203761557735624,-0.5626589217390129,3.948249043304619
0.8765060240963848,-2.819210248210374,-0.43790015787712355,2.6519537153173838,-0.08676577690322622,-0.10551676960508215,-0.315849853654166,0.519083116756848,-0.5615566778739275,3.9496950686867667
0.8795180722891559,-2.8193845729308666,-0.4381124261930711,2.651319395086685,-0.08662695463946594,-0.10561485462556774,-0.3157317906130265,0.5177906604229262,-0.5604552485226523,3.951139189697195
0.882530120481927,-2.8195586184892947,-0.43832489181116174,2.6506853120964338,-0.08648806403185523,-0.10571295361937402,-0.3156138624613514,0.5164987868481038,-0.5593546330477766,3.9525814059079267
0.885542168674698,-2.81973238474811,-0.43853755475963485,2.6500514660753485,-0.08634910509080343,-0.10581106658860229,-0.3154960688887913,0.5152074961065461,-0.5582548308098084,3.954021716889969
0.8885542168674692,-2.819905871569784,-0.43875041506673695,2.649417856752775,-0.08621007782670906,-0.10590919353540681,-0.3153784095861188,0.513916788270288,-0.5571558411671852,3.955460122213293
0.8915662650602403,-2.8200790788168097,-0.43896347276071723,2.6487844838586794,-0.08607098224995942,-0.10600733446199463,-0.3152608842452219,0.5126266634092245,-0.5560576634762652,3.956896621446837
0.8945783132530113,-2.8202520063517005,-0.43917672786982975,2.6481513471236484,-0.08593181837093009,-0.10610548937062614,-0.31514349255909957,0.5113371215911104,-0.554960297091331,3.9583312141585125
0.8975903614457824,-2.8204246540369917,-0.439390180422335,2.647518446278888,-0.0857925861999853,-0.10620365826361522,-0.31502623422185777,0.5100481628815716,-0.5538637413645973,3.95976389991518
0.9006024096385535,-2.820597021735238,-0.43960383044649554,2.646885781056218,-0.08565328574747715,-0.10630184114332913,-0.31490910892870255,0.5087597873440868,-0.5527679956461985,3.961194678282666
0.9036144578313245,-2.8207691093090137,-0.4398176779705818,2.6462533511880744,-0.08551391702374567,-0.10640003801218897,-0.3147921163759369,0.5074719950400034,-0.5516730592842031,3.96262354882575
0.9066265060240957,-2.820940916620916,-0.4400317230228672,2.645621156407498,-0.0853744800391185,-0.10649824887266972,-0.31467525626095266,0.5061847860285142,-0.5505789316245923,3.9640505111081747
0.9096385542168667,-2.8211124435335604,-0.4402459656316311,2.6449891964481447,-0.08523497480391085,-0.10659647372730047,-0.31455852828223024,0.5048981603666863,-0.5494856120112894,3.9654755646926194
0.9126506024096378,-2.821283689909585,-0.4404604058251582,2.6443574710442723,-0.08509540132842508,-0.10669471257866464,-0.3144419321393299,0.5036121181094352,-0.5483930997861354,3.966898709140719
0.9156626506024089,-2.8214546556116473,-0.44067504363173793,2.6437259799307498,-0.08495575962295057,-0.10679296542940012,-0.31432546753288965,0.5023266593095423,-0.5473013942889092,3.968319944013042
0.9186746987951799,-2.8216253405024254,-0.44088987907966715,2.6430947228430446,-0.0848160496977634,-0.10689123228219952,-0.3142091341646181,0.5010417840176447,-0.5462104948573154,3.9697392688691022
0.921686746987951,-2.821795744444617,-0.4411049121972459,2.6424636995172213,-0.08467627156312608,-0.10698951313981019,-0.31409293173729014,0.49975749228223026,-0.5451204008269824,3.9711566832673584
0.9246987951807222,-2.8219658673009427,-0.4413201430127822,2.6418329096899473,-0.08453642522928784,-0.10708780800503466,-0.31397685995474384,0.4984737841496472,-0.5440311115314741,3.9725721867651913
0.9277108433734932,-2.8221357089341406,-0.4415355715545872,2.641202353098481,-0.08439651070648364,-0.10718611688073051,-0.31386091852187276,0.4971906596640939,-0.5429426263022783,3.973985778918921
0.9307228915662643,-2.8223052692069714,-0.44175119785098116,2.640572029480682,-0.08425652800493443,-0.10728443976981097,-0.31374510714462533,0.495908118867636,-0.5418549444688263,3.975397459283781
0.9337349397590354,-2.822474547982215,-0.4419670219302885,2.639941938574995,-0.08411647713484682,-0.10738277667524462,-0.31362942552999606,0.4946261618001828,-0.5407680653584706,3.9768072274139388
0.9367469879518064,-2.8226435451226712,-0.4421830438208394,2.6393120801204573,-0.08397635810641298,-0.10748112760005588,-0.3135138733860228,0.4933447884995007,-0.5396819882964989,3.978215082862483
0.9397590361445776,-2.8228122604911614,-0.4423992635509715,2.638682453856693,-0.08383617092981006,-0.10757949254732527,-0.31339845042178216,0.492063999001209,-0.5385967126061315,3.9796210251814115
0.9427710843373487,-2.8229806939505258,-0.44261568114902894,2.638053059523911,-0.08369591561520012,-0.10767787152018943,-0.3132831563473842,0.4907837933387814,-0.5375122376085226,3.9810250539216345
0.9457831325301197,-2.8231488453636278,-0.44283229664336154,2.637423896862905,-0.08355559217273058,-0.10777626452184123,-0.31316799087396874,0.48950417154354064,-0.5364285626227587,3.9824271686329715
0.9487951807228908,-2.8233167145933455,-0.4430491100623266,2.6367949656150484,-0.08341520061253277,-0.1078746715555301,-0.3130529537136997,0.48822513364466746,-0.5353456869658646,3.9838273688641515
0.9518072289156618,-2.8234843015025826,-0.44326612143428656,2.6361662655222955,-0.08327474094472245,-0.10797309262456221,-0.3129380445797614,0.4869466796691864,-0.5342636099527952,3.985225654162797
0.954819277108433,-2.82365160595426,-0.4434833307876136,2.635537796327175,-0.08313421317939959,-0.10807152773230079,-0.312823263186353,0.4856688096419766,-0.5331823308964425,3.9866220240754355
0.9578313253012041,-2.8238186278113204,-0.44370073815068367,2.634909557772792,-0.08299361732664788,-0.108169976882166,-0.31270860924868515,0.4843915235857637,-0.5321018491076324,3.9880164781474843
0.9608433734939751,-2.823985366936725,-0.4439183435518823,2.634281549602827,-0.08285295339653484,-0.10826844007763524,-0.31259408248297554,0.483114821521132,-0.5310221638951351,3.989409015923242
0.9638554216867462,-2.8241518231934553,-0.44413614701960036,2.63365377156153,-0.08271222139911111,-0.10836691732224349,-0.3124796826064438,0.48183870346651136,-0.529943274565655,3.990799636945901
0.9668674698795173,-2.8243179964445138,-0.444354148582238,2.6330262233937147,-0.08257142134441067,-0.10846540861958345,-0.3123654093373054,0.4805631694381692,-0.5288651804238239,3.9921883407575383
0.9698795180722883,-2.8244838865529216,-0.4445723482682007,2.6323989048447713,-0.08243055324245036,-0.10856391397330559,-0.3122512623947717,0.4792882194502397,-0.5277878807722275,3.9935751268990924
0.9728915662650595,-2.824649493381721,-0.4447907461059033,2.631771815660647,-0.08228961710322995,-0.10866243338711828,-0.3121372414990407,0.4780138535146906,-0.5267113749113804,3.9949599949103978
0.9759036144578306,-2.8248148167939737,-0.44500934212376775,2.631144955587858,-0.08214861293673131,-0.10876096686478849,-0.31202334637129664,0.4767400716413509,-0.5256356621397463,3.9963429443301286
0.9789156626506016,-2.824979856652761,-0.4452281363502226,2.6305183243734795,-0.08200754075291884,-0.10885951441014124,-0.3119095767337031,0.4754668738378876,-0.5245607417537222,3.997723974695844
0.9819277108433727,-2.825144612821184,-0.4454471288137061,2.6298919217651413,-0.08186640056173894,-0.10895807602706031,-0.3117959323093984,0.47419426010981247,-0.5234866130476439,3.9991030855439633
0.9849397590361437,-2.8253090851623646,-0.445666319542664,2.6292657475110373,-0.08172519237311979,-0.10905665171948846,-0.31168241282249426,0.4729222304604902,-0.5224132753137959,4.000480276409744
0.9879518072289148,-2.8254732735394423,-0.44588570856554965,2.6286398013599097,-0.08158391619697093,-0.10915524149142716,-0.3115690179980678,0.47165078489112666,-0.5213407278423983,4.001855546827316
0.990963855421686,-2.8256371778155787,-0.44610529591082404,2.628014083061061,-0.08144257204318361,-0.10925384534693706,-0.3114557475621606,0.47037992340078155,-0.5202689699216229,4.003228896329641
0.993975903614457,-2.8258007978539537,-0.4463250816069595,2.6273885923643396,-0.08130115992162992,-0.10935246329013866,-0.3113426012417723,0.4691096459863488,-0.5191980008375757,4.004600324448525
0.9969879518072281,-2.8259641335177665,-0.44654506568243346,2.626763329020145,-0.0811596798421628,-0.10945109532521136,-0.3112295787648568,0.46783995264257744,-0.5181278198743138,4.00596983071462
0.9999999999999992,-2.826127184670238,-0.44676524816573426,2.6261382927794266,-0.0810181318146159,-0.1095497414563948,-0.31111667986031943,0.4720599456723755,-0.5175933436753885,4.020446061311017
1.0030120481927702,-2.8262899511746062,-0.44698562908535777,2.625513483393672,-0.08038930792200333,-0.10898786914769948,-0.3091303867624796,0.4761582521584783,-0.5169480235423685,4.034874646351249
1.0060240963855414,-2.826452432894129,-0.4472062084698081,2.624888900614919,-0.07976212313579031,-0.10842482209634782,-0.3071455739575316,0.4747685437690424,-0.5157690489690714,4.036192840233007
1.0090361445783125,-2.8266146296920853,-0.44742698634760125,2.6242645441957473,-0.07913657869319718,-0.1078606000517746,-0.30516223895856665,0.47337992408380214,-0.5145913377471913,4.037509289667162
1.0120481927710836,-2.826776541431773,-0.4476479627472594,2.6236404138892744,-0.0785126758311892,-0.10729520276336679,-0.30318037928605057,0.4719923943714539,-0.5134148903066873,4.038823994716895
1.0150602409638545,-2.8269381679765075,-0.44786913769731496,2.623016509449153,-0.07789041578647671,-0.10672862998046263,-0.30119999246779305,0.4706059558999852,-0.51223970707735,4.040136955451307
1.0180722891566256,-2.827099509189626,-0.4480905112263096,2.6223928306295736,-0.07726979979551532,-0.10616088145234939,-0.29922107603891496,0.469220609936692,-0.5110657884888222,4.04144817194541
1.0210843373493967,-2.827260564934483,-0.4483120833627956,2.6217693771852657,-0.07665082909450655,-0.1055919569282623,-0.29724362754181827,0.4678363577481919,-0.5098931349706152,4.0427576442801545
1.0240963855421679,-2.827421335074454,-0.4485338541353334,2.6211461488714853,-0.07603350491939818,-0.10502185615738224,-0.29526764452615245,0.46645320060042206,-0.5087217469521084,4.0440653725424225
1.027108433734939,-2.8275818194729325,-0.44875582357249333,2.62052314544402,-0.07541782850588481,-0.10445057888883466,-0.29329312454878376,0.46507113975866077,-0.5075516248625741,4.045371356825028
1.03012048192771,-2.8277420179933324,-0.44897799170285646,2.6199003666591887,-0.07480380108940801,-0.10387812487168761,-0.29132006517376496,0.4636901764875408,-0.5063827691311958,4.046675597226729
1.033132530120481,-2.8279019304990847,-0.44920035855501284,2.619277812273831,-0.07419142390515689,-0.1033044938549501,-0.2893484639723015,0.46231031205104595,-0.5052151801870661,4.047978093852241
1.0361445783132521,-2.8280615568536414,-0.44942292415756335,2.6186554820453214,-0.0735806981880685,-0.1027296855875703,-0.287378318522725,0.4609315477125517,-0.5040488584592295,4.049278846812208
1.0391566265060233,-2.828220896920473,-0.4496456885391191,2.618033375731547,-0.07297162517282843,-0.10215369981843433,-0.2854096264104574,0.4595538847347994,-0.5028838043766614,4.050577856223251
1.0421686746987944,-2.8283799505630687,-0.4498686517283008,2.6174114930909242,-0.07236420609387105,-0.10157653629636385,-0.2834423852279852,0.45817732437994496,-0.5017200183683189,4.05187512220794
1.0451807228915655,-2.828538717644937,-0.45009181375374063,2.6167898338823843,-0.07175844218538026,-0.1009981947701151,-0.28147659257482505,0.456801867909541,-0.5005575008631256,4.05317064489481
1.0481927710843364,-2.8286971980296043,-0.45031517464408055,2.61616839786538,-0.07115433468128954,-0.10041867498837648,-0.2795122460574961,0.4554275165845678,-0.499396252290006,4.054464424418373
1.0512048192771075,-2.828855391580617,-0.4505387344279732,2.615547184799875,-0.0705518848152828,-0.09983797669976732,-0.27754934328948777,0.4540542716654348,-0.4982362730778894,4.05575646091911
1.0542168674698786,-2.829013298161541,-0.4507624931340839,2.614926194446351,-0.06995109382079473,-0.09925609965283613,-0.27558788189123196,0.4526821344119974,-0.497077563655732,4.057046754543492
1.0572289156626498,-2.8291709176359587,-0.45098645079108657,2.614305426565803,-0.06935196293101142,-0.09867304359605861,-0.27362785949007196,0.45131110608357045,-0.4959201244525291,4.05833530544397
1.0602409638554209,-2.8293282498674737,-0.45121060742766717,2.613684880919733,-0.06875449337887068,-0.09808880827783592,-0.2716692737202322,0.4499411879389329,-0.49476395589732636,4.0596221137789925
1.063253012048192,-2.8294852947197056,-0.4514349630725234,2.613064557270154,-0.06815868639706266,-0.0975033934464934,-0.2697121222227906,0.44857238123635007,-0.4936090584192444,4.060907179712998
1.066265060240963,-2.829642052056295,-0.4516595177543634,2.612444455379589,-0.06756454321803032,-0.0969167988502783,-0.26775640264564815,0.44720468723358253,-0.4924554324474876,4.062190503416431
1.069277108433734,-2.8297985217408996,-0.45188427150190824,2.61182457501106,-0.06697206507396998,-0.09632902423735813,-0.26580211264349823,0.4458381071878872,-0.49130307841135457,4.063472085065758
1.0722891566265051,-2.8299547036371964,-0.4521092243438889,2.6112049159280972,-0.06638125319683191,-0.09574006935581908,-0.26384924987780006,0.4444726423560481,-0.49015199674026444,4.0647519248434465
1.0753012048192763,-2.83011059760888,-0.4523343763090495,2.6105854778947326,-0.06579210881832095,-0.09514993395366418,-0.26189781201674894,0.44310829399437746,-0.4890021878637663,4.066030022937994
1.0783132530120474,-2.830266203519665,-0.4525597274261457,2.609966260675497,-0.06520463316989687,-0.09455861777881139,-0.25994779673524687,0.4417450633587307,-0.4878536522115559,4.067306379543921
1.0813253012048183,-2.8304215212332826,-0.4527852777239443,2.6093472640354216,-0.06461882748277503,-0.09396612057909193,-0.25799920171487445,0.4403829517045214,-0.4867063902134907,4.068580994861788
1.0843373493975894,-2.8305765506134843,-0.45301102723122555,2.608728487740031,-0.064034692987927,-0.09337244210224842,-0.2560520246438618,0.4390219602867264,-0.4855604022996028,4.06985386909819
1.0873493975903605,-2.830731291524037,-0.4532369759767816,2.60810993155535,-0.06345223091608104,-0.09277758209593329,-0.254106263217062,0.4376620903599102,-0.4844156889001234,4.071125002465777
1.0903614457831317,-2.830885743828728,-0.45346312398941646,2.6074915952478914,-0.06287144249772282,-0.09218154030770653,-0.25216191513592,0.43630334317822744,-0.48327225044548755,4.07239439518325
1.0933734939759028,-2.8310399073913626,-0.45368947129794734,2.6068734785846672,-0.06229232896309597,-0.09158431648503443,-0.2502189781084483,0.43494571999544523,-0.48213008736636165,4.073662047475367
1.096385542168674,-2.831193782075762,-0.4539160179312036,2.606255581333171,-0.06171489154220254,-0.09098591037528725,-0.24827744984919484,0.4335892220649445,-0.4809892000936469,4.074927959572958
1.0993975903614448,-2.83134736774577,-0.4541427639180282,2.60563790326139,-0.06113913146480385,-0.09038632172573793,-0.24633732807921896,0.43223385063973935,-0.4798495890585015,4.076192131712934
1.102409638554216,-2.8315006642652443,-0.45436970928727605,2.6050204441377973,-0.060565049960421065,-0.08978555028355943,-0.24439861052606168,0.4308796069724932,-0.47871125469236053,4.077454564138275
1.105421686746987,-2.8316536714980614,-0.45459685406781714,2.6044032037313487,-0.05999264825833561,-0.089183595795824,-0.24246129492371837,0.4295264923155254,-0.4775741974269434,4.078715257098066
1.1084337349397582,-2.8318063893081162,-0.4548241982885315,2.6037861818114916,-0.05942192758759019,-0.08858045800950025,-0.24052537901261375,0.428174507920839,-0.47643841769428696,4.079974210847471
1.1114457831325293,-2.8319588175593218,-0.4550517419783149,2.6031693781481424,-0.05885288917698907,-0.08797613667145195,-0.23859086053957007,0.4268236550401031,-0.47530391592673094,4.0812314256477755
1.1144578313253004,-2.832110956115608,-0.4552794851660764,2.602552792511709,-0.058285534255098984,-0.08737063152843613,-0.23665773725778508,0.4254739349247003,-0.47417069255696676,4.082486901766369
1.1174698795180713,-2.8322628048409233,-0.45550742788073784,2.6019364246730703,-0.05771986405024958,-0.08676394232710098,-0.23472600692680196,0.42412534882572017,-0.47303874801803425,4.083740639476762
1.1204819277108424,-2.8324143635992334,-0.45573557015123556,2.601320274403589,-0.057155879790534464,-0.08615606881398392,-0.2327956673124835,0.42277789799398224,-0.4719080827433494,4.08499263905859
1.1234939759036136,-2.8325656322545214,-0.4559639120065202,2.6007043414751,-0.0565935827038114,-0.0855470107355101,-0.2308667161869862,0.4214315836800444,-0.4707786971667141,4.086242900797623
1.1265060240963847,-2.8327166106707877,-0.45619245347555437,2.6000886256599096,-0.05603297401770345,-0.08493676783798994,-0.22893915132873163,0.4200864071342122,-0.4696505917223284,4.087491424985784
1.1295180722891558,-2.832867298712052,-0.45642119458731756,2.5994731267307998,-0.055474054959599464,-0.084325339867618,-0.22701297052238262,0.41874236960656275,-0.4685237668448196,4.0887382119211395
1.1325301204819267,-2.833017696242348,-0.45665013537080146,2.5988578444610204,-0.05491682675665467,-0.08371272657047024,-0.22508817155881558,0.4173994723469528,-0.4673982229692493,4.089983261907921
1.1355421686746978,-2.83316780312573,-0.45687927585501353,2.598242778624293,-0.05436129063579169,-0.08309892769250268,-0.2231647522350942,0.4160577166050333,-0.46627396053113546,4.091226575256522
1.138554216867469,-2.8333176192262686,-0.45710861606897546,2.597627928994805,-0.05380744782370101,-0.08248394297954927,-0.22124271035444448,0.41471710363026215,-0.465150979966466,4.092468152283523
1.14156626506024,-2.8334671444080497,-0.4573381560417231,2.597013295347211,-0.05325529954684191,-0.08186777217731994,-0.21932204372622838,0.41337763467192284,-0.4640292817117187,4.0937079933116785
1.1445783132530112,-2.8336163785351802,-0.4575678958023084,2.59639887745663,-0.05270484703144307,-0.0812504150313988,-0.2174027501659184,0.4120393109791327,-0.46290886620387756,4.094946098669944
1.1475903614457823,-2.83376532147178,-0.4577978353797969,2.59578467509864,-0.052156091503503324,-0.08063187128724204,-0.2154848274950707,0.4107021338008569,-0.46178973388044353,4.096182468693488
1.1506024096385532,-2.8339139730819896,-0.4580279748032712,2.5951706880492833,-0.051609034188792716,-0.08001214069017618,-0.21356827354130148,0.409366104385925,-0.4606718851794598,4.097417103723679
1.1536144578313243,-2.834062333229963,-0.4582583141018264,2.594556916085062,-0.05106367631285269,-0.07939122298539565,-0.21165308613826056,0.40803122398304853,-0.45955532053952847,4.09865000410811
1.1566265060240954,-2.834210401779874,-0.4584888533045759,2.593943358982939,-0.05052001910099746,-0.07876911791796147,-0.20973926312560734,0.4066974938408357,-0.45844004039982933,4.099881170200599
1.1596385542168666,-2.8343581785959118,-0.4587195924406471,2.5933300165203255,-0.049978063778314485,-0.07814582523279891,-0.20782680234898337,0.40536491520778833,-0.45732604520012227,4.101110602361225
1.1626506024096377,-2.8345056635422825,-0.45895053153918286,2.592716888475098,-0.04943781156966537,-0.07752134467469551,-0.20591570165999054,0.4040334893323461,-0.45621333538078923,4.102338300956293
1.1656626506024086,-2.83465285648321,-0.4591816706293437,2.592103974625579,-0.0488992636996866,-0.0768956759882992,-0.20400595891616363,0.4027032174628729,-0.45510191138283085,4.103564266358382
1.1686746987951797,-2.8347997572829327,-0.4594130097403044,2.591491274750547,-0.04836242139279041,-0.07626881891811615,-0.20209757198094686,0.40137410084768865,-0.4539917736478942,4.104788498946337
1.1716867469879508,-2.8349463658057075,-0.45964454890125594,2.590878788629228,-0.047827285873165606,-0.07564077320850895,-0.20019053872366932,0.40004614073507627,-0.4528829226182871,4.106010999105286
1.174698795180722,-2.8350926819158078,-0.45987628814140735,2.5902665160413,-0.04729385836477841,-0.07501153860369458,-0.19828485701952012,0.39871933837330076,-0.45177535873700025,4.107231767226639
1.177710843373493,-2.835238705477521,-0.46010822748998215,2.5896544567668878,-0.046762140091373305,-0.07438111484774224,-0.19638052474952472,0.397393695010622,-0.4506690824477198,4.10845080370811
1.1807228915662642,-2.835384436355154,-0.4603403669762207,2.58904261058656,-0.04623213227647378,-0.07374950168457145,-0.19447753980051952,0.3960692118953041,-0.4495640941948444,4.109668108953726
1.183734939759035,-2.835529874413029,-0.4605727066293819,2.5884309772813325,-0.045703836143383476,-0.07311669885795019,-0.1925759000651296,0.39474589027564594,-0.44846039442351393,4.110883683373833
1.1867469879518062,-2.8356750195154827,-0.4608052464787389,2.5878195566326663,-0.045177252915186636,-0.07248270611149221,-0.19067560344174317,0.39342373139998216,-0.4473579835796178,4.112097527385099
1.1897590361445773,-2.835819871526871,-0.4610379865535843,2.5872083484224566,-0.04465238381474932,-0.07184752318865592,-0.1887766478344878,0.39210273651669464,-0.44625686210980725,4.113309641410543
1.1927710843373485,-2.835964430311562,-0.461270926883226,2.5865973524330466,-0.04412923006472021,-0.07121114983274157,-0.1868790311532082,0.39078290687424605,-0.44515703046153193,4.1145200258795365
1.1957831325301196,-2.8361086957339445,-0.4615040674969906,2.5859865684472174,-0.04360779288753147,-0.07057358578688963,-0.1849827513134415,0.3894642437211823,-0.44405848908304607,4.115728681227802
1.1987951807228905,-2.8362526676584188,-0.46173740842422073,2.5853759962481795,-0.043088073505399636,-0.0699348307940785,-0.18308780623639292,0.388146748306139,-0.44296123842341795,4.116935607897459
1.2018072289156616,-2.836396345949404,-0.4619709496942783,2.5847656356195863,-0.042570073140326514,-0.06929488459712252,-0.1811941938489139,0.3868304218778775,-0.4418652789325701,4.118140806336996
1.2048192771084327,-2.8365397304713347,-0.4622046913365421,2.5841554863455287,-0.042053793014100255,-0.06865374693866985,-0.17930191208347915,0.38551526568529376,-0.4407706110612888,4.119344277001293
1.2078313253012039,-2.8366828210886594,-0.462438633380408,2.5835455482105183,-0.041539234348296206,-0.06801141756120041,-0.177410958878161,0.3842012809774145,-0.43967723526122426,4.120546020351664
1.210843373493975,-2.8368256176658444,-0.46267277585529243,2.5829358209995137,-0.04102639836427768,-0.06736789620702391,-0.17552133217661006,0.382888469003452,-0.4385851519849497,4.12174603685581
1.213855421686746,-2.83696812006737,-0.4629071187906266,2.582326304497893,-0.04051528628319723,-0.06672318261827731,-0.17363302992802898,0.38157683101277806,-0.4374943616859377,4.122944326987885
1.216867469879517,-2.837110328157734,-0.4631416622158635,2.581716998491465,-0.04000589932599734,-0.06607727653692337,-0.1717460500871515,0.38026636825496274,-0.4364048648186014,4.124140891228482
1.2198795180722881,-2.8372522418014468,-0.46337640616047215,2.581107902766468,-0.03949823871341142,-0.06543017770474785,-0.16986039061421881,0.37895708197978917,-0.4353166618383139,4.125335730064646
1.2228915662650592,-2.8373938608630356,-0.46361135065394055,2.580499017109566,-0.038992305665965066,-0.0647818858633578,-0.16797604947495803,0.3776489734372645,-0.43422975320141916,4.126528843989889
1.2259036144578304,-2.837535185207044,-0.4638464957257775,2.5798903413078444,-0.03848810140397672,-0.06413240075417945,-0.16609302464055892,0.37634204387763454,-0.4331441393652546,4.127720233504212
1.2289156626506015,-2.837676214698029,-0.4640818414055081,2.579281875148814,-0.03798562714755871,-0.06348172211845574,-0.1642113140876516,0.37503629455140247,-0.4320598207881692,4.128909899114098
1.2319277108433726,-2.8378169492005645,-0.46431738772267894,2.57867361842041,-0.03748488411661857,-0.06282984969724459,-0.1623309157982854,0.37373172670935634,-0.43097679792955385,4.130097841332535
1.2349397590361435,-2.8379573885792375,-0.4645531347068539,2.578065570910984,-0.03698587353085962,-0.062176783231416316,-0.1604518277599048,0.3724283416025585,-0.4298950712498374,4.131284060679034
1.2379518072289146,-2.8380975326986517,-0.4647890823876175,2.5774577324093064,-0.036488596609782244,-0.06152252246165177,-0.15857404796532876,0.37112614048238174,-0.4288146412105232,4.1324685576796325
1.2409638554216857,-2.838237381423424,-0.4650252307945728,2.5768501027045696,-0.035993054572684896,-0.06086706712843992,-0.15669757441272875,0.3698251246005301,-0.4277355082742114,4.133651332866909
1.2439759036144569,-2.8383769346181875,-0.46526157995734474,2.5762426815863755,-0.035499248638665146,-0.06021041697207609,-0.15482240510560646,0.36852529520903266,-0.42665767290460166,4.134832386780006
1.246987951807228,-2.838516192147589,-0.46549812990557493,2.575635468844749,-0.03500718002662069,-0.05955257173265925,-0.15294853805277278,0.3672266535602869,-0.42558113556653376,4.136011719964619
1.249999999999999,-2.8386551538762914,-0.4657348806689279,2.5750284642701207,-0.03451684995525045,-0.0588935311500902,-0.15107597126832537,0.36592920090705183,-0.42450589672598577,4.137189332973047
1.25301204819277,-2.8387938196689717,-0.4659718322770874,2.57442166765334,-0.03402825964305559,-0.058233294964069066,-0.14920470277162773,0.3646329385024809,-0.4234319568501129,4.138365226364169
1.2560240963855411,-2.838932189390319,-0.4662089847597559,2.573815078785662,-0.033541410308340604,-0.05757186291409337,-0.14733473058728752,0.3633378676001312,-0.4223593164072541,4.139539400703482
1.2590361445783123,-2.8390702629050413,-0.46644633814665903,2.5732086974587567,-0.0330563031692146,-0.05690923473945573,-0.14546605274513635,0.36204398945398564,-0.4212879758669626,4.140711856563093
1.2620481927710834,-2.839208040077857,-0.4666838924675425,2.572602523464697,-0.03257293944359205,-0.056245410179241534,-0.14359866728020648,0.3607513053184585,-0.42021793570001403,4.141882594521766
1.2650602409638545,-2.8393455207735006,-0.4669216477521707,2.5719965565959644,-0.03209132034919422,-0.055580388972326714,-0.14173257223271163,0.3594598164484227,-0.41914919637843256,4.1430516151649055
1.2680722891566254,-2.8394827048567204,-0.4671596040303312,2.5713907966454475,-0.031611447103550114,-0.05491417085737563,-0.13986776564802572,0.35816952409922714,-0.4180817583755169,4.144218919084582
1.2710843373493965,-2.8396195921922773,-0.46739776133183164,2.5707852434064375,-0.031133320923997586,-0.054246755572838624,-0.13800424557666088,0.35688042952671006,-0.4170156221658525,4.145384506879544
1.2740963855421676,-2.8397561826449493,-0.4676361196865022,2.570179896672631,-0.030656943027684652,-0.05357814285694996,-0.13614201007424842,0.3555925339872173,-0.4159507882253356,4.146548379155235
1.2771084337349388,-2.8398924760795268,-0.46787467912419345,2.5695747562381217,-0.03018231463157046,-0.05290833244772554,-0.13428105720151645,0.3543058387376133,-0.41488725703118734,4.147710536523812
1.2801204819277099,-2.840028472360813,-0.4681134396747768,2.568969821897409,-0.029709436952426505,-0.05223732408296044,-0.13242138502427087,0.353020345035315,-0.41382502906198787,4.148870979604149
1.2831325301204808,-2.8401641713536256,-0.4683524013681477,2.5683650934453865,-0.029238311206837855,-0.05156511750022686,-0.13056299161337367,0.3517360541382886,-0.4127641047976815,4.150029709021867
1.286144578313252,-2.8402995729227962,-0.4685915642342213,2.5677605706773514,-0.02876893861120417,-0.050891712436871524,-0.12870587504472328,0.35045296730508657,-0.41170448471961074,4.1511867254093255
1.289156626506023,-2.840434676933171,-0.4688309283029364,2.5671562533889913,-0.028301320381741053,-0.0502171086300138,-0.12685003339923404,0.3491710857948488,-0.41064616931052655,4.152342029405668
1.2921686746987942,-2.840569483249606,-0.4690704936042527,2.566552141376394,-0.027835457734481213,-0.04954130581654305,-0.12499546476281648,0.347890410867332,-0.40958915905461557,4.153495621656812
1.2951807228915653,-2.8407039917369747,-0.46931026016815336,2.5659482344360334,-0.027371351885275577,-0.04886430373311653,-0.12314216722635586,0.34661094378291285,-0.40853345443751143,4.154647502815489
1.2981927710843364,-2.8408382022601626,-0.4695502280246442,2.5653445323647874,-0.02690900404979449,-0.04818610211615697,-0.12129013888569479,0.345332685802633,-0.4074790559463394,4.155797673541224
1.3012048192771073,-2.840972114684067,-0.4697903972037527,2.5647410349599173,-0.02644841544352935,-0.04750670070185012,-0.1194393778416109,0.3440556381881879,-0.40642596406970966,4.156946134500388
1.3042168674698784,-2.8411057288736004,-0.4700307677355309,2.564137742019075,-0.025989587281793066,-0.04682609922614264,-0.11758988219979762,0.3427798022019553,-0.4053741792977497,4.1580928863662
1.3072289156626495,-2.841239044693686,-0.47027133965005175,2.5635346533403096,-0.02553252077972204,-0.04614429742473965,-0.11574165007084611,0.34150517910703143,-0.4043237021221412,4.159237929818727
1.3102409638554207,-2.8413720620092624,-0.4705121129774128,2.562931768722044,-0.02507721715227694,-0.04546129503310241,-0.11389467957022312,0.3402317701672075,-0.40327453303610283,4.160381265544931
1.3132530120481918,-2.8415047806852796,-0.4707530877477355,2.562329087963097,-0.024623677614244218,-0.044777091786445976,-0.11204896881825356,0.3389595766470288,-0.40222667253445255,4.161522894238671
1.3162650602409627,-2.8416372005867,-0.4709942639911635,2.5617266108626713,-0.02417190338023735,-0.04409168741973668,-0.11020451594010057,0.337688599811799,-0.4011801211136109,4.162662816600704
1.3192771084337338,-2.8417693215785,-0.4712356417378656,2.561124337220355,-0.023721895664697984,-0.043405081667689874,-0.1083613190657455,0.33641884092759333,-0.4001348792716224,4.1638010333387205
1.322289156626505,-2.841901143525668,-0.47147722101803224,2.560522266836113,-0.02327365568189736,-0.042717274264767575,-0.10651937632996937,0.3351503012612744,-0.3990909475081723,4.164937545167364
1.325301204819276,-2.842032666293204,-0.47171900186188065,2.559920399510298,-0.022827184645937568,-0.042028264945176044,-0.10467868587233393,0.3338829820805287,-0.3980483263246262,4.166072352808235
1.3283132530120472,-2.842163889746121,-0.47196098429964994,2.5593187350436395,-0.02238248377075288,-0.04133805344286331,-0.10283924583716202,0.33261688465386374,-0.3970070162240308,4.167205456989918
1.3313253012048183,-2.842294813749446,-0.4722031683616066,2.5587172732372454,-0.02193955427011099,-0.04064663949151687,-0.10100105437351892,0.33135201025063954,-0.39596701771115045,4.168336858447994
1.3343373493975892,-2.842425438168214,-0.47244555407803723,2.5581160138926067,-0.021498397357614496,-0.0399540228245612,-0.09916410963519406,0.33008836014109305,-0.3949283312924893,4.169466557925051
1.3373493975903603,-2.8425557628674776,-0.47268814147925764,2.557514956811587,-0.021059014246702056,-0.03926020317515531,-0.09732840978068115,0.32882593559633916,-0.3938909574763031,4.170594556170713
1.3403614457831314,-2.8426857877122957,-0.4729309305956051,2.5569141017964228,-0.02062140615064987,-0.038565180276190304,-0.09549395297316009,0.32756473788839796,-0.392854896772624,4.171720853941672
1.3433734939759026,-2.8428155125677437,-0.4731739214574444,2.5563134486497314,-0.020185574282573032,-0.037868953860287144,-0.09366073738047907,0.326304768290224,-0.39182014969329626,4.172845452001657
1.3463855421686737,-2.8429449372989066,-0.47341711409516396,2.5557129971744996,-0.019751519855426846,-0.03717152365979388,-0.09182876117513504,0.3250460280757136,-0.3907867167519836,4.1739683511215055
1.3493975903614448,-2.8430740617708805,-0.4736605085391785,2.5551127471740847,-0.01931924408200821,-0.03647288940678341,-0.08999802253425561,0.32378851851972174,-0.3897545984641942,4.175089552079159
1.3524096385542157,-2.8432028858487755,-0.47390410481992795,2.554512698452217,-0.01888874817495708,-0.035773050833051025,-0.08816851963958122,0.322532240898092,-0.38872379534730894,4.176209055659678
1.3554216867469868,-2.8433314093977105,-0.47414790296787745,2.5539128508129982,-0.018460033346757707,-0.03507200767011161,-0.08634025067744641,0.3212771964876767,-0.38769430792060744,4.17732686265525
1.358433734939758,-2.8434596322828174,-0.4743919030135191,2.553313204060893,-0.01803310080974028,-0.034369759649197626,-0.0845132138387616,0.32002338656633733,-0.38666613670527245,4.178442973865254
1.361445783132529,-2.843587554369239,-0.47463610498737063,2.552713758000737,-0.017607951776082136,-0.03366630650125635,-0.08268740731899557,0.3187708124129863,-0.38563928222443333,4.179557390096228
1.3644578313253002,-2.8437151755221297,-0.47488050891997635,2.5521145124377345,-0.01718458745780929,-0.032961647956947435,-0.08086282931815746,0.3175194753076036,-0.3846137450031861,4.180670112161908
1.367469879518071,-2.843842495606655,-0.4751251148419051,2.5515154671774494,-0.01676300906679793,-0.032255783746640364,-0.07903947804077828,0.31626937653123766,-0.38358952556859793,4.181781140883255
1.3704819277108422,-2.8439695144879895,-0.47536992278375556,2.5509166220258104,-0.01634321781477563,-0.031548713600411914,-0.07721735169589344,0.3150205173660476,-0.3825666244497544,4.1828904770884705
1.3734939759036133,-2.8440962320313217,-0.47561493277615075,2.5503179767891124,-0.015925214913323132,-0.030840437248043744,-0.07539644849702543,0.31377289909531325,-0.3815450421777689,4.183998121613002
1.3765060240963845,-2.844222648101849,-0.47586014484974126,2.5497195312740093,-0.015509001573875572,-0.03013095441901976,-0.0735767666621658,0.31252652300345746,-0.3805247792858133,4.185104075299584
1.3795180722891556,-2.84434876256478,-0.47610555903520524,2.549121285287514,-0.015094579007724087,-0.02942026484252369,-0.07175830441375759,0.31128139037605884,-0.37950583630912965,4.186208338998243
1.3825301204819267,-2.844474575285333,-0.476351175363247,2.548523238637002,-0.014681948426017217,-0.028708368247436316,-0.06994105997867807,0.31003750249988654,-0.37848821378507025,4.1873109135663285
1.3855421686746976,-2.8446000861287386,-0.47659699386459975,2.5479253911302036,-0.014271111039762517,-0.027995264362333204,-0.06812503158822142,0.3087948606629085,-0.37747191225310944,4.1884117998685175
1.3885542168674687,-2.844725294960236,-0.47684301457002354,2.547327742575207,-0.013862068059827875,-0.027280952915481813,-0.06631021747808093,0.3075534661543123,-0.3764569322548682,4.189510998776859
1.3915662650602398,-2.844850201645076,-0.4770892375103062,2.5467302927804605,-0.013454820696943277,-0.026565433634839195,-0.06449661588833264,0.3063133202645419,-0.37544327433415176,4.190608511170766
1.394578313253011,-2.8449748060485183,-0.4773356627162644,2.5461330415547616,-0.013049370161702187,-0.025848706248049358,-0.0626842250634176,0.3050744242852946,-0.3744309390369533,4.191704337937058
1.397590361445782,-2.845099108035834,-0.4775822902187412,2.545535988707264,-0.0126457176645631,-0.025130770482440504,-0.06087304325212487,0.303836779509555,-0.37341992691148956,4.192798479969976
1.400602409638553,-2.8452231074723024,-0.47782912004861,2.5449391340474716,-0.012243864415851109,-0.02441162606502269,-0.059063068707574815,0.3026003872316131,-0.37241023850822036,4.193890938171206
1.403614457831324,-2.8453468042232153,-0.4780761522367718,2.5443424773852445,-0.011843811625759438,-0.023691272722484894,-0.05725429968720186,0.3013652487470917,-0.37140187437988503,4.194981713449887
1.4066265060240952,-2.845470198153871,-0.4783233868141563,2.5437460185307863,-0.011445560504351098,-0.02296971018119275,-0.05544673445273803,0.3001313653529529,-0.37039483508150645,4.1960708067226555
1.4096385542168663,-2.8455932891295794,-0.47857082381172145,2.5431497572946586,-0.01104911226156038,-0.022246938167185655,-0.05364037127019631,0.29889873834754016,-0.3693891211704381,4.197158218913643
1.4126506024096375,-2.84571607701566,-0.4788184632604562,2.542553693487762,-0.010654468107194488,-0.0215229564061743,-0.051835208409853374,0.2976673690305728,-0.36838473320636556,4.198243950954518
1.4156626506024086,-2.84583856167744,-0.4790663051913766,2.541957826921351,-0.010261629250935114,-0.020797764623537912,-0.05003124414623373,0.296437258703194,-0.36738167175135233,4.199328003784498
1.4186746987951795,-2.8459607429802594,-0.47931434963552966,2.5413621574070238,-0.009870596902340113,-0.020071362544321743,-0.04822847675809299,0.29520840866797443,-0.36637993736985175,4.200410378350368
1.4216867469879506,-2.8460826207894625,-0.4795625966239905,2.5407666847567225,-0.009481372270844987,-0.01934374989323412,-0.046426904528400884,0.2939808202289416,-0.36537953062873535,4.201491075606517
1.4246987951807217,-2.8462041949704067,-0.4798110461878662,2.540171408782736,-0.009093956565764687,-0.018614926394644182,-0.044626525744326025,0.2927544946915999,-0.36438045209732145,4.202570096514944
1.4277108433734929,-2.846325465388456,-0.48005969835829143,2.5395763292976907,-0.008708350996295168,-0.017884891772578897,-0.04282733869721867,0.2915294333629456,-0.3633827023473893,4.2036474420452965
1.430722891566264,-2.846446431908984,-0.4803085531664326,2.53898144611456,-0.008324556771515036,-0.017153645750720502,-0.04102934168259512,0.2903056375515038,-0.36238628195322076,4.204723113174882
1.4337349397590349,-2.846567094397374,-0.4805576106434861,2.538386759046655,-0.007942575100387272,-0.016421188052403835,-0.03923253300012142,0.28908310856733305,-0.3613911914916097,4.205797110888699
1.436746987951806,-2.8466874527190162,-0.48080687082067897,2.5377922679076304,-0.007562407191760771,-0.015687518400613415,-0.03743691095359712,0.28786184772206913,-0.360397431541907,4.206869436179443
1.4397590361445771,-2.8468075067393106,-0.4810563337292677,2.5371979725114713,-0.007184054254372213,-0.014952636517981042,-0.03564247385093958,0.28664185632891204,-0.3594050026860138,4.207940090047572
1.4427710843373482,-2.8469272563236645,-0.4813059994005413,2.5366038726725106,-0.0068075174968476385,-0.01421654212678289,-0.033849220004168255,0.2854231357026933,-0.3584139055084491,4.209009073501273
1.4457831325301194,-2.847046701337495,-0.48155586786581983,2.536009968205411,-0.006432798127704166,-0.013479234948936832,-0.032057147729388405,0.28420568715986033,-0.35742414059634026,4.210076387556533
1.4487951807228905,-2.847165841646224,-0.4818059391564524,2.5354162589251716,-0.00605989735535173,-0.012740714705999651,-0.03026625534677567,0.28298951201851624,-0.3564357085394647,4.211142033237139
1.4518072289156614,-2.8472846771152867,-0.4820562133038233,2.5348227446471285,-0.0056888163880948394,-0.01200098111916442,-0.02847654118056053,0.28177461159844375,-0.35544860993027966,4.2122060115747075
1.4548192771084325,-2.84740320761012,-0.48230669033934426,2.534229425186947,-0.005319556434134194,-0.011260033909257458,-0.026688003559012047,0.28056098722111783,-0.3544628453639337,4.2132683236087205
1.4578313253012036,-2.8475214329961753,-0.48255737029446233,2.533636300360627,-0.004952118701568588,-0.010517872796735966,-0.02490064081442323,0.2793486402097342,-0.3534784154383046,4.214328970386531
1.4608433734939748,-2.847639353138905,-0.48280825320065457,2.533043369984501,-0.004586504398396575,-0.009774497501684968,-0.023114451283095135,0.27813757188923893,-0.3524953207540275,4.215387952963402
1.4638554216867459,-2.8477569679037735,-0.48305933908943044,2.5324506338752313,-0.004222714732518257,-0.009029907743814637,-0.02132943330532151,0.27692778358634024,-0.3515135619145126,4.216445272402523
1.4668674698795168,-2.8478742771562517,-0.4833106279923327,2.531858091849809,-0.003860750911737089,-0.00828410324245752,-0.019545585225373655,0.2757192766295367,-0.35053313952597853,4.217500929775038
1.469879518072288,-2.847991280761817,-0.48356211994093634,2.531265743725551,-0.0035006141437615833,-0.007537083716565543,-0.01776290539148462,0.27451205234913567,-0.34955405419747015,4.21855492616008
1.472891566265059,-2.848107978585954,-0.4838138149668483,2.5306735893201067,-0.003142305636207235,-0.0067888488847075365,-0.015981392155834964,0.27330611207728617,-0.3485763065408987,4.2196072626447885
1.4759036144578301,-2.8482243704941546,-0.48406571310170876,2.5300816284514465,-0.0027858265965982495,-0.006039398465066158,-0.014201043874536952,0.2721014571479904,-0.34759989717105466,4.2206579403243385
1.4789156626506013,-2.8483404563519192,-0.4843178143771929,2.5294898609378706,-0.0024311782323693954,-0.005288732175435189,-0.012421858907619897,0.270898088897142,-0.34662482670565126,4.2217069603019475
1.4819277108433724,-2.8484562360247514,-0.484570118825006,2.5288982865979994,-0.0020783617508678253,-0.00453684973321663,-0.010643835619014955,0.2696960086625306,-0.3456510957653309,4.222754323688942
1.4849397590361433,-2.8485717093781653,-0.4848226264768889,2.5283069052507816,-0.001727378359354954,-0.003783750855417964,-0.008866972376540591,0.26849521778388474,-0.34467870497371317,4.22380003160475
1.4879518072289144,-2.8486868762776787,-0.4850753373646166,2.5277157167154822,-0.0013782292650082006,-0.003029435258649054,-0.007091267551887087,0.2672957176028796,-0.3437076549574059,4.224844085176941
1.4909638554216855,-2.8488017365888183,-0.4853282515199966,2.5271247208116936,-0.0010309156749230236,-0.002273902659119628,-0.0053167195206026835,0.26609750946317484,-0.3427379463460454,4.225886485541251
1.4939759036144566,-2.8489162901771143,-0.48558136897487114,2.526533917359324,-0.0006854387961146783,-0.0015171527726361776,-0.003543326662078303,0.26490059471042465,-0.3417695797723126,4.226927233841607
1.4969879518072278,-2.8490305369081055,-0.48583468976111654,2.525943306178601,-0.0003417998355201399,-0.0007591853145991373,-0.0017710873595331161,0.2637049746923095,-0.3408025558719656,4.2279663312301725
1.499999999999999,-2.849144476647335,-0.48608821391064394,2.525352887090076,0.0,0.0,0.0,0.2625106507585693,-0.33983687528387746,4.229003778867338
